{
  "sites": [
    {
      "key": "网盘配置",
      "name": "网盘及彈幕配置",
      "type": 3,
      "api": "csp_Config",
      "searchable": 0,
      "changeable": 0,
      "ext": "./json/tokenm.json",
      "order_num": 9999
    },
    {
      "key": "Local",
      "name": "本地",
      "type": 3,
      "api": "csp_Local",
      "order_num": 9999
    },
    {
      "key": "PushShare",
      "name": "我的资源分享",
      "type": 3,
      "api": "csp_PushShare",
      "searchable": 1,
      "quickSearch": 1,
      "changeable": 1,
      "filterable": 0,
      "timeout": 60,
      "ext": "./json/tokenm.json$$$./json/pushshare.txt$$$db$$$1",
      "style": {
        "type": "list",
        "ratio": 1.1
      },
      "order_num": 9999
    },
    {
      "key": "AliShare",
      "name": "阿里云盘影视分享",
      "type": 3,
      "api": "csp_AliShare",
      "searchable": 1,
      "quickSearch": 1,
      "changeable": 1,
      "filterable": 0,
      "timeout": 60,
      "ext": "./json/tokenm.json$$$./json/alishare.txt$$$db$$$1",
      "style": {
        "type": "list",
        "ratio": 1.1
      },
      "order_num": 9999
    },
    {
      "key": "AliShareEBook",
      "name": "阿里云盘书籍分享",
      "type": 3,
      "api": "csp_AliShare",
      "searchable": 0,
      "quickSearch": 0,
      "changeable": 0,
      "filterable": 0,
      "timeout": 60,
      "ext": "./json/tokenm.json$$$./json/alishare.ebook.txt$$$db$$$1",
      "style": {
        "type": "list",
        "ratio": 1.1
      },
      "order_num": 9999
    },
    {
      "key": "QuarkShare",
      "name": "夸克云盘分享",
      "type": 3,
      "api": "csp_QuarkShare",
      "searchable": 0,
      "quickSearch": 0,
      "changeable": 0,
      "filterable": 0,
      "timeout": 60,
      "ext": "./json/tokenm.json$$$./json/quarkshare.txt",
      "style": {
        "type": "list",
        "ratio": 1.1
      },
      "order_num": 9999
    },
    {
      "key": "ThunderShare",
      "name": "迅雷云盘分享",
      "type": 3,
      "api": "csp_ThunderShare",
      "searchable": 0,
      "quickSearch": 0,
      "changeable": 0,
      "filterable": 0,
      "timeout": 60,
      "ext": "./json/tokenm.json$$$./json/thundershare.txt",
      "style": {
        "type": "list",
        "ratio": 1.1
      },
      "order_num": 9999
    },
    {
      "key": "PikPakShare",
      "name": "PikPak分享",
      "type": 3,
      "api": "csp_PikPakShare",
      "searchable": 1,
      "quickSearch": 1,
      "changeable": 1,
      "filterable": 0,
      "timeout": 60,
      "ext": "./json/tokenm.json$$$./json/pikpakclass.json$$$./json/pikpakclass.json.txt.gz",
      "style": {
        "type": "list",
        "ratio": 1.1
      },
      "order_num": 9999
    },
    {
      "key": "SambaShare",
      "name": "Samba分享",
      "type": 3,
      "api": "csp_SambaShare",
      "searchable": 0,
      "quickSearch": 0,
      "changeable": 0,
      "filterable": 0,
      "timeout": 60,
      "ext": "./json/tokenm.json$$$./json/sambashare.txt",
      "order_num": 9999
    },
    {
      "key": "Wogg",
      "name": "玩偶哥哥|网盘",
      "type": 3,
      "api": "csp_Wogg",
      "quickSearch": 1,
      "changeable": 1,
      "filterable": 1,
      "timeout": 60,
      "ext": "./json/tokenm.json$$$https://wogg.link/$$$proxy$$$1$$$./json/wogg.json",
      "order_num": 9999
    },
    {
      "key": "Wo4k",
      "name": "玩偶4K|磁力",
      "type": 3,
      "api": "csp_Wo4k",
      "quickSearch": 1,
      "changeable": 1,
      "filterable": 1,
      "timeout": 60,
      "ext": "./json/tokenm.json$$$https://www.wo4k.net/$$$proxy$$$1$$$./json/wogg.json",
      "order_num": 9999
    },
    {
      "key": "Wobg",
      "name": "玩偶表哥|网盘",
      "type": 3,
      "api": "csp_Wobg",
      "quickSearch": 1,
      "changeable": 1,
      "filterable": 1,
      "timeout": 60,
      "ext": "./json/tokenm.json$$$https://wobge.run.goorm.io$$$proxy$$$1$$$./json/wogg.json",
      "order_num": 9999
    },
    {
      "key": "yydsys",
      "name": "玩你老哥|网盘",
      "type": 3,
      "api": "csp_Wobg",
      "quickSearch": 1,
      "changeable": 1,
      "filterable": 1,
      "timeout": 60,
      "ext": "./json/tokenm.json$$$https://tv.yydsys.top/$$$proxy$$$1$$$./json/wogg.json",
      "order_num": 9999
    },
    {
      "key": "Xinshijue",
      "name": "新视觉|网盘",
      "type": 3,
      "api": "csp_Xinshijue",
      "quickSearch": 1,
      "changeable": 1,
      "filterable": 1,
      "timeout": 60,
      "ext": "./json/tokenm.json$$$https://www.80yy3.com/$$$proxy$$$1$$$./json/wogg.json",
      "order_num": 9999
    },
    {
      "key": "Moli",
      "name": "HDmoli|网盘",
      "type": 3,
      "api": "csp_Moli",
      "quickSearch": 1,
      "changeable": 1,
      "filterable": 1,
      "timeout": 60,
      "ext": "./json/tokenm.json$$$https://www.hdmoli.pro/$$$proxy$$$1$$$./json/moli.json",
      "order_num": 9999
    },
    {
      "key": "Hdhive",
      "name": "影巢|网盘",
      "type": 3,
      "api": "csp_Hdhive",
      "quickSearch": 1,
      "changeable": 1,
      "filterable": 1,
      "timeout": 60,
      "ext": "./json/tokenm.json$$$proxy$$$1",
      "order_num": 9999
    },
    {
      "key": "Ppxzy",
      "name": "皮皮虾|网盘",
      "type": 3,
      "api": "csp_Ppxzy",
      "quickSearch": 1,
      "changeable": 1,
      "filterable": 1,
      "timeout": 60,
      "ext": "./json/tokenm.json$$$https://ppxzy.ink$$$proxy$$$1",
      "order_num": 9999
    },
    {
      "key": "校长影视",
      "name": "校长影视|网盘",
      "type": 3,
      "api": "csp_XiaoZhang",
      "quickSearch": 1,
      "changeable": 1,
      "filterable": 1,
      "timeout": 60,
      "ext": "./json/tokenm.json$$$https://xzyshd.com$$$proxy$$$1",
      "order_num": 9999
    },
    {
      "key": "Bdys_spider",
      "name": "哔滴┃磁力",
      "api": "csp_Bdys01",
      "type": 3,
      "filterable": 1,
      "searchable": 1,
      "quickSearch": 1,
      "ext": "https://www.yjys.me/$$$None$$$1",
      "order_num": 9999
    },
    {
      "key": "YunPan",
      "name": "云盘资源|网盘",
      "type": 3,
      "api": "csp_YunPan",
      "timeout": 60,
      "ext": "./json/tokenm.json$$$None$$$proxy$$$1",
      "order_num": 9999
    },
    {
      "key": "YingSo",
      "name": "影搜|网盘搜索",
      "type": 3,
      "api": "csp_YingSo",
      "timeout": 60,
      "ext": "./json/tokenm.json",
      "order_num": 9999
    },
    {
      "key": "混合盘",
      "name": "混合盘|网盘搜索",
      "type": 3,
      "api": "csp_HunHePan",
      "timeout": 60,
      "ext": "./json/tokenm.json",
      "style": {
        "type": "list",
        "ratio": 1.1
      },
      "order_num": 9999
    },
    {
      "key": "88Pan",
      "name": "88网盘|网盘搜索",
      "type": 3,
      "api": "csp_EightEight",
      "timeout": 60,
      "ext": "./json/tokenm.json$$$https://662688.xyz$$$",
      "style": {
        "type": "list",
        "ratio": 1.1
      },
      "order_num": 9999
    },
    {
      "key": "PanSearch",
      "name": "PanSearch|网盘搜索",
      "type": 3,
      "api": "csp_PanSearch",
      "quickSearch": 1,
      "changeable": 1,
      "filterable": 1,
      "timeout": 60,
      "ext": "./json/tokenm.json",
      "order_num": 9999
    },
    {
      "key": "盘友圈",
      "name": "盘友圈|网盘搜索",
      "type": 3,
      "api": "csp_Panyq",
      "timeout": 60,
      "ext": "./json/tokenm.json$$$site$$$proxy",
      "order_num": 9999
    },
    {
      "key": "秒搜",
      "name": "秒搜|网盘搜索",
      "type": 3,
      "api": "csp_MiaoSou",
      "timeout": 60,
      "ext": "./json/tokenm.json",
      "style": {
        "type": "list",
        "ratio": 1.1
      },
      "order_num": 9999
    },
    {
      "key": "Funletu",
      "name": "趣盘搜|夸克搜索",
      "type": 3,
      "api": "csp_Funletu",
      "quickSearch": 1,
      "changeable": 1,
      "filterable": 1,
      "timeout": 60,
      "ext": "./json/tokenm.json",
      "style": {
        "type": "list",
        "ratio": 1.1
      },
      "order_num": 9999
    },
    {
      "key": "QuarkPanso",
      "name": "夸克盘搜|夸克搜索",
      "type": 3,
      "api": "csp_QuarkPanso",
      "quickSearch": 1,
      "changeable": 1,
      "filterable": 1,
      "timeout": 60,
      "ext": "./json/tokenm.json",
      "style": {
        "type": "list",
        "ratio": 1.1
      },
      "order_num": 9999
    },
    {
      "key": "DaPanSo",
      "name": "大盘搜|网盘搜索",
      "type": 3,
      "api": "csp_DaPanSo",
      "quickSearch": 1,
      "changeable": 1,
      "filterable": 1,
      "timeout": 60,
      "ext": "./json/tokenm.json$$$https://dapanso.com$$$proxy$$$1",
      "order_num": 9999
    },
    {
      "key": "PikaSo",
      "name": "皮卡搜|网盘搜索",
      "type": 3,
      "api": "csp_PikaSo",
      "quickSearch": 1,
      "changeable": 1,
      "filterable": 1,
      "timeout": 60,
      "ext": "./json/tokenm.json$$$https://www.pikaso.top/$$$None",
      "style": {
        "type": "list",
        "ratio": 1.1
      },
      "order_num": 9999
    },
    {
      "key": "Qianfan",
      "name": "千帆|网盘搜索",
      "type": 3,
      "api": "csp_Qianfan",
      "quickSearch": 1,
      "changeable": 1,
      "filterable": 1,
      "timeout": 60,
      "ext": "./json/tokenm.json$$$https://pan.qianfan.app$$$None$$$./json/qianfan.txt$$$1",
      "order_num": 9999
    },
    {
      "key": "YunSo",
      "name": "小云搜索|网盘搜索",
      "type": 3,
      "api": "csp_YunSo",
      "quickSearch": 1,
      "changeable": 1,
      "filterable": 1,
      "timeout": 60,
      "ext": "./json/tokenm.json$$$https://www.yunso.net$$$None$$$1",
      "style": {
        "type": "list",
        "ratio": 1.1
      },
      "order_num": 9999
    },
    {
      "key": "YunPanOne",
      "name": "云盘One|网盘搜索",
      "type": 3,
      "api": "csp_YunPanOne",
      "quickSearch": 1,
      "changeable": 1,
      "filterable": 1,
      "timeout": 60,
      "ext": "./json/tokenm.json$$$None$$$proxy$$$1",
      "order_num": 9999
    },
    {
      "key": "MV_vod",
      "name": "电视┃MTV",
      "type": 1,
      "api": "https://mv.wogg.link/mv/vod",
      "searchable": 1,
      "quickSearch": 0,
      "changeable": 0,
      "order_num": 9999
    },
    {
      "key": "酷狗",
      "name": "酷狗",
      "type": 3,
      "api": "csp_Kugou",
      "searchable": 1,
      "changeable": 0,
      "order_num": 9999
    },
    {
      "key": "Iktv",
      "name": "KTV",
      "type": 3,
      "api": "csp_Iktv",
      "searchable": 1,
      "changeable": 0,
      "order_num": 9999
    },
    {
      "key": "Yinyuetai",
      "name": "音悦台",
      "type": 3,
      "api": "csp_Yinyuetai",
      "searchable": 1,
      "changeable": 0,
      "order_num": 9999
    },
    {
      "key": "push_agent",
      "name": "推送",
      "type": 3,
      "api": "csp_Push",
      "changeable": 0,
      "timeout": 30,
      "ext": "./json/tokenm.json",
      "order_num": 9999
    }
  ]
}