﻿{
	"wallpaper": "https://tuapi.eees.cc/api.php?category=fengjing&type=302",
	"homepage": "https://github.com/hjdhnx/hipy-server",
	"homeLogo": "./img/logo500x200-1.png",
	"spider": "./jar/pg.jar?md5=7633f8ea346c082b7aa163be58aed023",
	"sites": [{
			"key": "Local",
			"name": "🇵本地",
			"type": 3,
			"api": "csp_Local",
			"order_num": 9999
		},
		{
			"key": "网盘配置",
			"name": "🇵网盘及彈幕配置",
			"type": 3,
			"api": "csp_Config",
			"searchable": 0,
			"changeable": 0,
			"ext": "./json/tokenm.json",
			"order_num": 9999
		},
		{
			"key": "hipy_js_豆瓣[官]",
			"name": "🧑豆瓣[官]",
			"type": 3,
			"api": "./drpy_libs/drpy2.min.js",
			"searchable": 1,
			"quickSearch": 1,
			"filterable": 1,
			"order_num": 0,
			"ext": "./drpy_js/豆瓣[官].js"
		},
		{
			"key": "hipy_js_采集之王[合]0",
			"name": "🎁采王道长[合]",
			"type": 3,
			"api": "./drpy_libs/drpy2.min.js",
			"searchable": 1,
			"quickSearch": 1,
			"filterable": 1,
			"order_num": 0,
			"ext": "./drpy_js/采集之王[合].js?type=url&params=../json/采集静态.json$1"
		},
		{
			"key": "hipy_js_直播转点播[合]",
			"name": "🎁直播转点播[合]",
			"type": 3,
			"api": "./drpy_libs/drpy2.min.js",
			"searchable": 1,
			"quickSearch": 1,
			"filterable": 1,
			"order_num": 0,
			"ext": "./drpy_js/直播转点播[合].js?type=url&params=../json/live2cms.json"
		},
		{
			"key": "hipy_js_360影视[官]",
			"name": "🧑360影视[官]",
			"type": 3,
			"api": "./drpy_libs/drpy2.min.js",
			"searchable": 1,
			"quickSearch": 1,
			"filterable": 1,
			"order_num": 0,
			"ext": "./drpy_js/360影视[官].js"
		},
		{
			"key": "hipy_js_百忙无果[官]",
			"name": "🧑百忙无果[官]",
			"type": 3,
			"api": "./drpy_libs/drpy2.min.js",
			"searchable": 1,
			"quickSearch": 1,
			"filterable": 1,
			"order_num": 0,
			"ext": "./drpy_js/百忙无果[官].js"
		},
		{
			"key": "hipy_js_我的哔哩[官]5",
			"name": "🧑哔哩大全[官]",
			"type": 3,
			"api": "./drpy_libs/drpy2.min.js",
			"searchable": 1,
			"quickSearch": 1,
			"filterable": 1,
			"order_num": 5,
			"ext": "./drpy_js/我的哔哩[官].js?type=url&params=../json/哔哩大全.json"
		},
		{
			"key": "hipy_js_哔哩影视[官]",
			"name": "🧑哔哩影视[官]",
			"type": 3,
			"api": "./drpy_libs/drpy2.min.js",
			"searchable": 1,
			"quickSearch": 1,
			"filterable": 1,
			"order_num": 0,
			"ext": "./drpy_js/哔哩影视[官].js"
		},
		{
			"key": "hipy_js_哔哩直播[官]",
			"name": "🧑哔哩直播[官]",
			"type": 3,
			"api": "./drpy_libs/drpy2.min.js",
			"searchable": 1,
			"quickSearch": 1,
			"filterable": 1,
			"order_num": 0,
			"ext": "./drpy_js/哔哩直播[官].js"
		},
		{
			"key": "hipy_js_菜狗[官]",
			"name": "🧑菜狗[官]",
			"type": 3,
			"api": "./drpy_libs/drpy2.min.js",
			"searchable": 1,
			"quickSearch": 1,
			"filterable": 1,
			"order_num": 0,
			"ext": "./drpy_js/菜狗[官].js"
		},
		{
			"key": "hipy_js_斗鱼直播[官]",
			"name": "🧑斗鱼直播[官]",
			"type": 3,
			"api": "./drpy_libs/drpy2.min.js",
			"searchable": 1,
			"quickSearch": 1,
			"filterable": 1,
			"order_num": 0,
			"ext": "./drpy_js/斗鱼直播[官].js"
		},
		{
			"key": "hipy_js_虎牙直播[官]",
			"name": "🧑虎牙直播[官]",
			"type": 3,
			"api": "./drpy_libs/drpy2.min.js",
			"searchable": 1,
			"quickSearch": 1,
			"filterable": 1,
			"order_num": 0,
			"ext": "./drpy_js/虎牙直播[官].js"
		},
		{
			"key": "hipy_js_奇珍异兽[官]",
			"name": "🧑奇珍异兽[官]",
			"type": 3,
			"api": "./drpy_libs/drpy2.min.js",
			"searchable": 1,
			"quickSearch": 1,
			"filterable": 1,
			"order_num": 0,
			"ext": "./drpy_js/奇珍异兽[官].js"
		},
		{
			"key": "hipy_js_腾云驾雾[官]",
			"name": "🧑腾云驾雾[官]",
			"type": 3,
			"api": "./drpy_libs/drpy2.min.js",
			"searchable": 1,
			"quickSearch": 1,
			"filterable": 1,
			"order_num": 0,
			"ext": "./drpy_js/腾云驾雾[官].js"
		},
		{
			"key": "hipy_js_央视大全[官]",
			"name": "🧑央视大全[官]",
			"type": 3,
			"api": "./drpy_libs/drpy2.min.js",
			"searchable": 1,
			"quickSearch": 1,
			"filterable": 1,
			"order_num": 0,
			"ext": "./drpy_js/央视大全[官].js"
		},
		{
			"key": "hipy_js_央视大全2[官] ",
			"name": "🧑央视大全2[官] ",
			"type": 3,
			"api": "./drpy_libs/drpy2.min.js",
			"searchable": 1,
			"quickSearch": 1,
			"filterable": 1,
			"order_num": 0,
			"ext": "./drpy_js/央视大全2[官] .js"
		},
		{
			"key": "hipy_js_优酷[官]",
			"name": "🧑优酷[官]",
			"type": 3,
			"api": "./drpy_libs/drpy2.min.js",
			"searchable": 1,
			"quickSearch": 1,
			"filterable": 1,
			"order_num": 0,
			"ext": "./drpy_js/优酷[官].js"
		},
		{
			"key": "hipy_js_狗狗盘[搜]",
			"name": "🔎狗狗盘[搜]",
			"type": 3,
			"api": "./drpy_libs/drpy2.min.js",
			"searchable": 1,
			"quickSearch": 1,
			"filterable": 1,
			"order_num": 0,
			"ext": "./drpy_js/狗狗盘[搜].js"
		},
		{
			"key": "hipy_js_神马电影[搜]",
			"name": "🔎神马电影[搜]",
			"type": 3,
			"api": "./drpy_libs/drpy2.min.js",
			"searchable": 1,
			"quickSearch": 1,
			"filterable": 1,
			"order_num": 0,
			"ext": "./drpy_js/神马电影[搜].js"
		},
		{
			"key": "hipy_js_小站盘[搜]",
			"name": "🔎小站盘[搜]",
			"type": 3,
			"api": "./drpy_libs/drpy2.min.js",
			"searchable": 1,
			"quickSearch": 1,
			"filterable": 1,
			"order_num": 0,
			"ext": "./drpy_js/小站盘[搜].js"
		},
		{
			"key": "hipy_js_一号影院[搜]",
			"name": "🔎一号影院[搜]",
			"type": 3,
			"api": "./drpy_libs/drpy2.min.js",
			"searchable": 1,
			"quickSearch": 1,
			"filterable": 1,
			"order_num": 0,
			"ext": "./drpy_js/一号影院[搜].js"
		},
		{
			"key": "hipy_js_易搜[搜]",
			"name": "🔎易搜[搜]",
			"type": 3,
			"api": "./drpy_libs/drpy2.min.js",
			"searchable": 1,
			"quickSearch": 1,
			"filterable": 1,
			"order_num": 0,
			"ext": "./drpy_js/易搜[搜].js"
		},
		{
			"key": "hipy_js_影搜[搜]",
			"name": "🔎影搜[搜]",
			"type": 3,
			"api": "./drpy_libs/drpy2.min.js",
			"searchable": 1,
			"quickSearch": 1,
			"filterable": 1,
			"order_num": 0,
			"ext": "./drpy_js/影搜[搜].js"
		},
		{
			"key": "hipy_js_阿里土豆[盘]",
			"name": "💾阿里土豆[盘]",
			"type": 3,
			"api": "./drpy_libs/drpy2.min.js",
			"searchable": 1,
			"quickSearch": 1,
			"filterable": 1,
			"order_num": 0,
			"ext": "./drpy_js/阿里土豆[盘].js"
		},
		{
			"key": "hipy_js_橘子柚[盘]",
			"name": "💾橘子柚[盘]",
			"type": 3,
			"api": "./drpy_libs/drpy2.min.js",
			"searchable": 1,
			"quickSearch": 1,
			"filterable": 1,
			"order_num": 0,
			"ext": "./drpy_js/橘子柚[盘].js"
		},
		{
			"key": "hipy_js_蜡笔[盘]",
			"name": "💾蜡笔[盘]",
			"type": 3,
			"api": "./drpy_libs/drpy2.min.js",
			"searchable": 1,
			"quickSearch": 1,
			"filterable": 1,
			"order_num": 0,
			"ext": "./drpy_js/蜡笔[盘].js"
		},
		{
			"key": "hipy_js_木偶哥哥[盘]",
			"name": "💾木偶哥哥[盘]",
			"type": 3,
			"api": "./drpy_libs/drpy2.min.js",
			"searchable": 1,
			"quickSearch": 1,
			"filterable": 1,
			"order_num": 0,
			"ext": "./drpy_js/木偶哥哥[盘].js"
		},
		{
			"key": "hipy_js_玩偶哥哥[盘]",
			"name": "💾玩偶哥哥[盘]",
			"type": 3,
			"api": "./drpy_libs/drpy2.min.js",
			"searchable": 1,
			"quickSearch": 1,
			"filterable": 1,
			"order_num": 0,
			"ext": "./drpy_js/玩偶哥哥[盘].js"
		},
		{
			"key": "hipy_js_云盘资源网[盘]",
			"name": "💾云盘资源网[盘]",
			"type": 3,
			"api": "./drpy_libs/drpy2.min.js",
			"searchable": 1,
			"quickSearch": 1,
			"filterable": 1,
			"order_num": 0,
			"ext": "./drpy_js/云盘资源网[盘].js"
		},
		{
			"key": "hipy_js_至臻[盘]",
			"name": "💾至臻[盘]",
			"type": 3,
			"api": "./drpy_libs/drpy2.min.js",
			"searchable": 1,
			"quickSearch": 1,
			"filterable": 1,
			"order_num": 0,
			"ext": "./drpy_js/至臻[盘].js"
		},
		{
			"key": "hipy_js_我的哔哩[官]0",
			"name": "📚哔哩教育[教]",
			"type": 3,
			"api": "./drpy_libs/drpy2.min.js",
			"searchable": 1,
			"quickSearch": 1,
			"filterable": 1,
			"order_num": 0,
			"ext": "./drpy_js/我的哔哩[官].js?type=url&params=../json/哔哩教育.json"
		},
		{
			"key": "hipy_js_我的哔哩[官]3",
			"name": "📚初中┃课堂[教]",
			"type": 3,
			"api": "./drpy_libs/drpy2.min.js",
			"searchable": 1,
			"quickSearch": 1,
			"filterable": 1,
			"order_num": 3,
			"ext": "./drpy_js/我的哔哩[官].js?type=url&params=../json/初中课堂.json"
		},
		{
			"key": "hipy_js_我的哔哩[官]4",
			"name": "📚高中┃课堂[教]",
			"type": 3,
			"api": "./drpy_libs/drpy2.min.js",
			"searchable": 1,
			"quickSearch": 1,
			"filterable": 1,
			"order_num": 4,
			"ext": "./drpy_js/我的哔哩[官].js?type=url&params=../json/高中课堂.json"
		},
		{
			"key": "hipy_js_我的哔哩[官]1",
			"name": "📚少儿┃教育[教]",
			"type": 3,
			"api": "./drpy_libs/drpy2.min.js",
			"searchable": 1,
			"quickSearch": 1,
			"filterable": 1,
			"order_num": 1,
			"ext": "./drpy_js/我的哔哩[官].js?type=url&params=../json/少儿教育.json"
		},
		{
			"key": "hipy_js_我的哔哩[官]2",
			"name": "📚小学┃课堂[教]",
			"type": 3,
			"api": "./drpy_libs/drpy2.min.js",
			"searchable": 1,
			"quickSearch": 1,
			"filterable": 1,
			"order_num": 2,
			"ext": "./drpy_js/我的哔哩[官].js?type=url&params=../json/小学教育.json"
		},
		{
			"key": "hipy_js_哔嘀影视[优]",
			"name": "🏆哔嘀影视[优]",
			"type": 3,
			"api": "./drpy_libs/drpy2.min.js",
			"searchable": 1,
			"quickSearch": 1,
			"filterable": 1,
			"order_num": 0,
			"ext": "./drpy_js/哔嘀影视[优].js"
		},
		{
			"key": "hipy_js_畅梦影视[优]",
			"name": "🏆畅梦影视[优]",
			"type": 3,
			"api": "./drpy_libs/drpy2.min.js",
			"searchable": 1,
			"quickSearch": 1,
			"filterable": 1,
			"order_num": 0,
			"ext": "./drpy_js/畅梦影视[优].js"
		},
		{
			"key": "hipy_js_毒蛇电影[优]",
			"name": "🏆毒蛇电影[优]",
			"type": 3,
			"api": "./drpy_libs/drpy2.min.js",
			"searchable": 1,
			"quickSearch": 1,
			"filterable": 1,
			"order_num": 0,
			"ext": "./drpy_js/毒蛇电影[优].js"
		},
		{
			"key": "hipy_js_多多追剧[优]",
			"name": "🏆多多追剧[优]",
			"type": 3,
			"api": "./drpy_libs/drpy2.min.js",
			"searchable": 1,
			"quickSearch": 1,
			"filterable": 1,
			"order_num": 0,
			"ext": "./drpy_js/多多追剧[优].js"
		},
		{
			"key": "hipy_js_荐片[优]",
			"name": "🏆荐片[优]",
			"type": 3,
			"api": "./drpy_libs/drpy2.min.js",
			"searchable": 1,
			"quickSearch": 1,
			"filterable": 1,
			"order_num": 0,
			"ext": "./drpy_js/荐片[优].js"
		},
		{
			"key": "hipy_js_可可影视[优]",
			"name": "🏆可可影视[优]",
			"type": 3,
			"api": "./drpy_libs/drpy2.min.js",
			"searchable": 1,
			"quickSearch": 1,
			"filterable": 1,
			"order_num": 0,
			"ext": "./drpy_js/可可影视[优].js"
		},
		{
			"key": "hipy_js_南瓜影视[优]",
			"name": "🏆南瓜影视[优]",
			"type": 3,
			"api": "./drpy_libs/drpy2.min.js",
			"searchable": 1,
			"quickSearch": 1,
			"filterable": 1,
			"order_num": 0,
			"ext": "./drpy_js/南瓜影视[优].js"
		},
		{
			"key": "hipy_js_片多多[优]",
			"name": "🏆片多多[优]",
			"type": 3,
			"api": "./drpy_libs/drpy2.min.js",
			"searchable": 1,
			"quickSearch": 1,
			"filterable": 1,
			"order_num": 0,
			"ext": "./drpy_js/片多多[优].js"
		},
		{
			"key": "hipy_js_烧火影视[优]",
			"name": "🏆烧火影视[优]",
			"type": 3,
			"api": "./drpy_libs/drpy2.min.js",
			"searchable": 1,
			"quickSearch": 1,
			"filterable": 1,
			"order_num": 0,
			"ext": "./drpy_js/烧火影视[优].js"
		},
		{
			"key": "hipy_js_素白白[优]",
			"name": "🏆素白白[优]",
			"type": 3,
			"api": "./drpy_libs/drpy2.min.js",
			"searchable": 1,
			"quickSearch": 1,
			"filterable": 1,
			"order_num": 0,
			"ext": "./drpy_js/素白白[优].js"
		},
		{
			"key": "hipy_js_网飞猫[优]",
			"name": "🏆网飞猫[优]",
			"type": 3,
			"api": "./drpy_libs/drpy2.min.js",
			"searchable": 1,
			"quickSearch": 1,
			"filterable": 1,
			"order_num": 0,
			"ext": "./drpy_js/网飞猫[优].js"
		},
		{
			"key": "hipy_js_蜥蜴影视[优]",
			"name": "🏆蜥蜴影视[优]",
			"type": 3,
			"api": "./drpy_libs/drpy2.min.js",
			"searchable": 1,
			"quickSearch": 1,
			"filterable": 1,
			"order_num": 0,
			"ext": "./drpy_js/蜥蜴影视[优].js"
		},
		{
			"key": "hipy_js_星辰[优]",
			"name": "🏆星辰[优]",
			"type": 3,
			"api": "./drpy_libs/drpy2.min.js",
			"searchable": 1,
			"quickSearch": 1,
			"filterable": 1,
			"order_num": 0,
			"ext": "./drpy_js/星辰[优].js"
		},
		{
			"key": "hipy_js_兄弟影视[优]",
			"name": "🏆兄弟影视[优]",
			"type": 3,
			"api": "./drpy_libs/drpy2.min.js",
			"searchable": 1,
			"quickSearch": 1,
			"filterable": 1,
			"order_num": 0,
			"ext": "./drpy_js/兄弟影视[优].js"
		},
		{
			"key": "hipy_js_一起看[优]",
			"name": "🏆一起看[优]",
			"type": 3,
			"api": "./drpy_libs/drpy2.min.js",
			"searchable": 1,
			"quickSearch": 1,
			"filterable": 1,
			"order_num": 0,
			"ext": "./drpy_js/一起看[优].js"
		},
		{
			"key": "hipy_js_HBOTV[优]",
			"name": "🏆HBOTV[优]",
			"type": 3,
			"api": "./drpy_libs/drpy2.min.js",
			"searchable": 1,
			"quickSearch": 1,
			"filterable": 1,
			"order_num": 0,
			"ext": "./drpy_js/HBOTV[优].js"
		},
		{
			"key": "hipy_js_LIBVIO[优]",
			"name": "🏆LIBVIO[优]",
			"type": 3,
			"api": "./drpy_libs/drpy2.min.js",
			"searchable": 1,
			"quickSearch": 1,
			"filterable": 1,
			"order_num": 0,
			"ext": "./drpy_js/LIBVIO[优].js"
		},
		{
			"key": "hipy_js_PTT[优]",
			"name": "🏆PTT[优]",
			"type": 3,
			"api": "./drpy_libs/drpy2.min.js",
			"searchable": 1,
			"quickSearch": 1,
			"filterable": 1,
			"order_num": 0,
			"ext": "./drpy_js/PTT[优].js"
		},
		{
			"key": "hipy_js_348电影网",
			"name": "📺348电影网",
			"type": 3,
			"api": "./drpy_libs/drpy2.min.js",
			"searchable": 1,
			"quickSearch": 1,
			"filterable": 1,
			"order_num": 0,
			"ext": "./drpy_js/348电影网.js"
		},
		{
			"key": "hipy_js_4K-AV",
			"name": "📺4K-AV",
			"type": 3,
			"api": "./drpy_libs/drpy2.min.js",
			"searchable": 1,
			"quickSearch": 1,
			"filterable": 1,
			"order_num": 0,
			"ext": "./drpy_js/4K-AV.js"
		},
		{
			"key": "hipy_js_4k剧院",
			"name": "📺4k剧院",
			"type": 3,
			"api": "./drpy_libs/drpy2.min.js",
			"searchable": 1,
			"quickSearch": 1,
			"filterable": 1,
			"order_num": 0,
			"ext": "./drpy_js/4k剧院.js"
		},
		{
			"key": "hipy_js_4khdr",
			"name": "📺4khdr",
			"type": 3,
			"api": "./drpy_libs/drpy2.min.js",
			"searchable": 1,
			"quickSearch": 1,
			"filterable": 1,
			"order_num": 0,
			"ext": "./drpy_js/4khdr.js"
		},
		{
			"key": "hipy_js_539影视",
			"name": "📺539影视",
			"type": 3,
			"api": "./drpy_libs/drpy2.min.js",
			"searchable": 1,
			"quickSearch": 1,
			"filterable": 1,
			"order_num": 0,
			"ext": "./drpy_js/539影视.js"
		},
		{
			"key": "hipy_js_85k影视",
			"name": "📺85k影视",
			"type": 3,
			"api": "./drpy_libs/drpy2.min.js",
			"searchable": 1,
			"quickSearch": 1,
			"filterable": 1,
			"order_num": 0,
			"ext": "./drpy_js/85k影视.js"
		},
		{
			"key": "hipy_js_88tvs",
			"name": "📺88tvs",
			"type": 3,
			"api": "./drpy_libs/drpy2.min.js",
			"searchable": 1,
			"quickSearch": 1,
			"filterable": 1,
			"order_num": 0,
			"ext": "./drpy_js/88tvs.js"
		},
		{
			"key": "hipy_js_8号影院",
			"name": "📺8号影院",
			"type": 3,
			"api": "./drpy_libs/drpy2.min.js",
			"searchable": 1,
			"quickSearch": 1,
			"filterable": 1,
			"order_num": 0,
			"ext": "./drpy_js/8号影院.js"
		},
		{
			"key": "hipy_js_爱迪影视",
			"name": "📺爱迪影视",
			"type": 3,
			"api": "./drpy_libs/drpy2.min.js",
			"searchable": 1,
			"quickSearch": 1,
			"filterable": 1,
			"order_num": 0,
			"ext": "./drpy_js/爱迪影视.js"
		},
		{
			"key": "hipy_js_白嫖者联盟",
			"name": "📺白嫖者联盟",
			"type": 3,
			"api": "./drpy_libs/drpy2.min.js",
			"searchable": 1,
			"quickSearch": 1,
			"filterable": 1,
			"order_num": 0,
			"ext": "./drpy_js/白嫖者联盟.js"
		},
		{
			"key": "hipy_js_北川影视",
			"name": "📺北川影视",
			"type": 3,
			"api": "./drpy_libs/drpy2.min.js",
			"searchable": 1,
			"quickSearch": 1,
			"filterable": 1,
			"order_num": 0,
			"ext": "./drpy_js/北川影视.js"
		},
		{
			"key": "hipy_js_哔嘀影视",
			"name": "📺哔嘀影视",
			"type": 3,
			"api": "./drpy_libs/drpy2.min.js",
			"searchable": 1,
			"quickSearch": 1,
			"filterable": 1,
			"order_num": 0,
			"ext": "./drpy_js/哔嘀影视.js"
		},
		{
			"key": "hipy_js_茶杯狐",
			"name": "📺茶杯狐",
			"type": 3,
			"api": "./drpy_libs/drpy2.min.js",
			"searchable": 1,
			"quickSearch": 1,
			"filterable": 1,
			"order_num": 0,
			"ext": "./drpy_js/茶杯狐.js"
		},
		{
			"key": "hipy_js_厂长资源",
			"name": "📺厂长资源",
			"type": 3,
			"api": "./drpy_libs/drpy2.min.js",
			"searchable": 1,
			"quickSearch": 1,
			"filterable": 1,
			"order_num": 0,
			"ext": "./drpy_js/厂长资源.js"
		},
		{
			"key": "hipy_js_臭蛋蛋",
			"name": "📺臭蛋蛋",
			"type": 3,
			"api": "./drpy_libs/drpy2.min.js",
			"searchable": 1,
			"quickSearch": 1,
			"filterable": 1,
			"order_num": 0,
			"ext": "./drpy_js/臭蛋蛋.js"
		},
		{
			"key": "hipy_js_刺猬影视",
			"name": "📺刺猬影视",
			"type": 3,
			"api": "./drpy_libs/drpy2.min.js",
			"searchable": 1,
			"quickSearch": 1,
			"filterable": 1,
			"order_num": 0,
			"ext": "./drpy_js/刺猬影视.js"
		},
		{
			"key": "hipy_js_达达龟",
			"name": "📺达达龟",
			"type": 3,
			"api": "./drpy_libs/drpy2.min.js",
			"searchable": 1,
			"quickSearch": 1,
			"filterable": 1,
			"order_num": 0,
			"ext": "./drpy_js/达达龟.js"
		},
		{
			"key": "hipy_js_达达猪",
			"name": "📺达达猪",
			"type": 3,
			"api": "./drpy_libs/drpy2.min.js",
			"searchable": 1,
			"quickSearch": 1,
			"filterable": 1,
			"order_num": 0,
			"ext": "./drpy_js/达达猪.js"
		},
		{
			"key": "hipy_js_APPV2[模板]1",
			"name": "📺大米星球",
			"type": 3,
			"api": "./drpy_libs/drpy2.min.js",
			"searchable": 1,
			"quickSearch": 1,
			"filterable": 1,
			"order_num": 1,
			"ext": "./drpy_js/APPV2[模板].js?type=url&params=https://dmz8k4.wiki"
		},
		{
			"key": "hipy_js_大千视界",
			"name": "📺大千视界",
			"type": 3,
			"api": "./drpy_libs/drpy2.min.js",
			"searchable": 1,
			"quickSearch": 1,
			"filterable": 1,
			"order_num": 0,
			"ext": "./drpy_js/大千视界.js"
		},
		{
			"key": "hipy_js_蛋蛋剧",
			"name": "📺蛋蛋剧",
			"type": 3,
			"api": "./drpy_libs/drpy2.min.js",
			"searchable": 1,
			"quickSearch": 1,
			"filterable": 1,
			"order_num": 0,
			"ext": "./drpy_js/蛋蛋剧.js"
		},
		{
			"key": "hipy_js_蛋蛋赞",
			"name": "📺蛋蛋赞",
			"type": 3,
			"api": "./drpy_libs/drpy2.min.js",
			"searchable": 1,
			"quickSearch": 1,
			"filterable": 1,
			"order_num": 0,
			"ext": "./drpy_js/蛋蛋赞.js"
		},
		{
			"key": "hipy_js_低端",
			"name": "📺低端",
			"type": 3,
			"api": "./drpy_libs/drpy2.min.js",
			"searchable": 1,
			"quickSearch": 1,
			"filterable": 1,
			"order_num": 0,
			"ext": "./drpy_js/低端.js"
		},
		{
			"key": "hipy_js_嘀哩嘀哩",
			"name": "📺嘀哩嘀哩",
			"type": 3,
			"api": "./drpy_libs/drpy2.min.js",
			"searchable": 1,
			"quickSearch": 1,
			"filterable": 1,
			"order_num": 0,
			"ext": "./drpy_js/嘀哩嘀哩.js"
		},
		{
			"key": "hipy_js_电影先生",
			"name": "📺电影先生",
			"type": 3,
			"api": "./drpy_libs/drpy2.min.js",
			"searchable": 1,
			"quickSearch": 1,
			"filterable": 1,
			"order_num": 0,
			"ext": "./drpy_js/电影先生.js"
		},
		{
			"key": "hipy_js_豆角网",
			"name": "📺豆角网",
			"type": 3,
			"api": "./drpy_libs/drpy2.min.js",
			"searchable": 1,
			"quickSearch": 1,
			"filterable": 1,
			"order_num": 0,
			"ext": "./drpy_js/豆角网.js"
		},
		{
			"key": "hipy_js_多多影音",
			"name": "📺多多影音",
			"type": 3,
			"api": "./drpy_libs/drpy2.min.js",
			"searchable": 1,
			"quickSearch": 1,
			"filterable": 1,
			"order_num": 0,
			"ext": "./drpy_js/多多影音.js"
		},
		{
			"key": "hipy_js_飞鱼影视",
			"name": "📺飞鱼影视",
			"type": 3,
			"api": "./drpy_libs/drpy2.min.js",
			"searchable": 1,
			"quickSearch": 1,
			"filterable": 1,
			"order_num": 0,
			"ext": "./drpy_js/飞鱼影视.js"
		},
		{
			"key": "hipy_js_干饭影视",
			"name": "📺干饭影视",
			"type": 3,
			"api": "./drpy_libs/drpy2.min.js",
			"searchable": 1,
			"quickSearch": 1,
			"filterable": 1,
			"order_num": 0,
			"ext": "./drpy_js/干饭影视.js"
		},
		{
			"key": "hipy_js_冠建影视",
			"name": "📺冠建影视",
			"type": 3,
			"api": "./drpy_libs/drpy2.min.js",
			"searchable": 1,
			"quickSearch": 1,
			"filterable": 1,
			"order_num": 0,
			"ext": "./drpy_js/冠建影视.js"
		},
		{
			"key": "hipy_js_APPV2[模板]3",
			"name": "📺河狸影视",
			"type": 3,
			"api": "./drpy_libs/drpy2.min.js",
			"searchable": 1,
			"quickSearch": 1,
			"filterable": 1,
			"order_num": 3,
			"ext": "./drpy_js/APPV2[模板].js?type=url&params=https://www.heli888.cc"
		},
		{
			"key": "hipy_js_黑狐影院",
			"name": "📺黑狐影院",
			"type": 3,
			"api": "./drpy_libs/drpy2.min.js",
			"searchable": 1,
			"quickSearch": 1,
			"filterable": 1,
			"order_num": 0,
			"ext": "./drpy_js/黑狐影院.js"
		},
		{
			"key": "hipy_js_黑料不打烊-z",
			"name": "📺黑料不打烊-z",
			"type": 3,
			"api": "./drpy_libs/drpy2.min.js",
			"searchable": 1,
			"quickSearch": 1,
			"filterable": 1,
			"order_num": 0,
			"ext": "./drpy_js/黑料不打烊-z.js"
		},
		{
			"key": "hipy_js_即看影视",
			"name": "📺即看影视",
			"type": 3,
			"api": "./drpy_libs/drpy2.min.js",
			"searchable": 1,
			"quickSearch": 1,
			"filterable": 1,
			"order_num": 0,
			"ext": "./drpy_js/即看影视.js"
		},
		{
			"key": "hipy_js_家庭影视",
			"name": "📺家庭影视",
			"type": 3,
			"api": "./drpy_libs/drpy2.min.js",
			"searchable": 1,
			"quickSearch": 1,
			"filterable": 1,
			"order_num": 0,
			"ext": "./drpy_js/家庭影视.js"
		},
		{
			"key": "hipy_js_饺子影院",
			"name": "📺饺子影院",
			"type": 3,
			"api": "./drpy_libs/drpy2.min.js",
			"searchable": 1,
			"quickSearch": 1,
			"filterable": 1,
			"order_num": 0,
			"ext": "./drpy_js/饺子影院.js"
		},
		{
			"key": "hipy_js_金金虫",
			"name": "📺金金虫",
			"type": 3,
			"api": "./drpy_libs/drpy2.min.js",
			"searchable": 1,
			"quickSearch": 1,
			"filterable": 1,
			"order_num": 0,
			"ext": "./drpy_js/金金虫.js"
		},
		{
			"key": "hipy_js_剧巴巴",
			"name": "📺剧巴巴",
			"type": 3,
			"api": "./drpy_libs/drpy2.min.js",
			"searchable": 1,
			"quickSearch": 1,
			"filterable": 1,
			"order_num": 0,
			"ext": "./drpy_js/剧巴巴.js"
		},
		{
			"key": "hipy_js_剧哥哥",
			"name": "📺剧哥哥",
			"type": 3,
			"api": "./drpy_libs/drpy2.min.js",
			"searchable": 1,
			"quickSearch": 1,
			"filterable": 1,
			"order_num": 0,
			"ext": "./drpy_js/剧哥哥.js"
		},
		{
			"key": "hipy_js_剧集TV",
			"name": "📺剧集TV",
			"type": 3,
			"api": "./drpy_libs/drpy2.min.js",
			"searchable": 1,
			"quickSearch": 1,
			"filterable": 1,
			"order_num": 0,
			"ext": "./drpy_js/剧集TV.js"
		},
		{
			"key": "hipy_js_剧迷",
			"name": "📺剧迷",
			"type": 3,
			"api": "./drpy_libs/drpy2.min.js",
			"searchable": 1,
			"quickSearch": 1,
			"filterable": 1,
			"order_num": 0,
			"ext": "./drpy_js/剧迷.js"
		},
		{
			"key": "hipy_js_看57",
			"name": "📺看57",
			"type": 3,
			"api": "./drpy_libs/drpy2.min.js",
			"searchable": 1,
			"quickSearch": 1,
			"filterable": 1,
			"order_num": 0,
			"ext": "./drpy_js/看57.js"
		},
		{
			"key": "hipy_js_看了么",
			"name": "📺看了么",
			"type": 3,
			"api": "./drpy_libs/drpy2.min.js",
			"searchable": 1,
			"quickSearch": 1,
			"filterable": 1,
			"order_num": 0,
			"ext": "./drpy_js/看了么.js"
		},
		{
			"key": "hipy_js_酷云影视",
			"name": "📺酷云影视",
			"type": 3,
			"api": "./drpy_libs/drpy2.min.js",
			"searchable": 1,
			"quickSearch": 1,
			"filterable": 1,
			"order_num": 0,
			"ext": "./drpy_js/酷云影视.js"
		},
		{
			"key": "hipy_js_蓝光影视",
			"name": "📺蓝光影视",
			"type": 3,
			"api": "./drpy_libs/drpy2.min.js",
			"searchable": 1,
			"quickSearch": 1,
			"filterable": 1,
			"order_num": 0,
			"ext": "./drpy_js/蓝光影视.js"
		},
		{
			"key": "hipy_js_两个BT",
			"name": "📺两个BT",
			"type": 3,
			"api": "./drpy_libs/drpy2.min.js",
			"searchable": 1,
			"quickSearch": 1,
			"filterable": 1,
			"order_num": 0,
			"ext": "./drpy_js/两个BT.js"
		},
		{
			"key": "hipy_js_美剧窝",
			"name": "📺美剧窝",
			"type": 3,
			"api": "./drpy_libs/drpy2.min.js",
			"searchable": 1,
			"quickSearch": 1,
			"filterable": 1,
			"order_num": 0,
			"ext": "./drpy_js/美剧窝.js"
		},
		{
			"key": "hipy_js_美益达",
			"name": "📺美益达",
			"type": 3,
			"api": "./drpy_libs/drpy2.min.js",
			"searchable": 1,
			"quickSearch": 1,
			"filterable": 1,
			"order_num": 0,
			"ext": "./drpy_js/美益达.js"
		},
		{
			"key": "hipy_js_米爱影视",
			"name": "📺米爱影视",
			"type": 3,
			"api": "./drpy_libs/drpy2.min.js",
			"searchable": 1,
			"quickSearch": 1,
			"filterable": 1,
			"order_num": 0,
			"ext": "./drpy_js/米爱影视.js"
		},
		{
			"key": "hipy_js_魔方影视",
			"name": "📺魔方影视",
			"type": 3,
			"api": "./drpy_libs/drpy2.min.js",
			"searchable": 1,
			"quickSearch": 1,
			"filterable": 1,
			"order_num": 0,
			"ext": "./drpy_js/魔方影视.js"
		},
		{
			"key": "hipy_js_墨点影视",
			"name": "📺墨点影视",
			"type": 3,
			"api": "./drpy_libs/drpy2.min.js",
			"searchable": 1,
			"quickSearch": 1,
			"filterable": 1,
			"order_num": 0,
			"ext": "./drpy_js/墨点影视.js"
		},
		{
			"key": "hipy_js_木瓜影视",
			"name": "📺木瓜影视",
			"type": 3,
			"api": "./drpy_libs/drpy2.min.js",
			"searchable": 1,
			"quickSearch": 1,
			"filterable": 1,
			"order_num": 0,
			"ext": "./drpy_js/木瓜影视.js"
		},
		{
			"key": "hipy_js_那兔视频",
			"name": "📺那兔视频",
			"type": 3,
			"api": "./drpy_libs/drpy2.min.js",
			"searchable": 1,
			"quickSearch": 1,
			"filterable": 1,
			"order_num": 0,
			"ext": "./drpy_js/那兔视频.js"
		},
		{
			"key": "hipy_js_耐看",
			"name": "📺耐看",
			"type": 3,
			"api": "./drpy_libs/drpy2.min.js",
			"searchable": 1,
			"quickSearch": 1,
			"filterable": 1,
			"order_num": 0,
			"ext": "./drpy_js/耐看.js"
		},
		{
			"key": "hipy_js_南瓜影视",
			"name": "📺南瓜影视",
			"type": 3,
			"api": "./drpy_libs/drpy2.min.js",
			"searchable": 1,
			"quickSearch": 1,
			"filterable": 1,
			"order_num": 0,
			"ext": "./drpy_js/南瓜影视.js"
		},
		{
			"key": "hipy_js_泥巴影院",
			"name": "📺泥巴影院",
			"type": 3,
			"api": "./drpy_libs/drpy2.min.js",
			"searchable": 1,
			"quickSearch": 1,
			"filterable": 1,
			"order_num": 0,
			"ext": "./drpy_js/泥巴影院.js"
		},
		{
			"key": "hipy_js_努努影院1",
			"name": "📺努努影院1",
			"type": 3,
			"api": "./drpy_libs/drpy2.min.js",
			"searchable": 1,
			"quickSearch": 1,
			"filterable": 1,
			"order_num": 0,
			"ext": "./drpy_js/努努影院1.js"
		},
		{
			"key": "hipy_js_暖光影视",
			"name": "📺暖光影视",
			"type": 3,
			"api": "./drpy_libs/drpy2.min.js",
			"searchable": 1,
			"quickSearch": 1,
			"filterable": 1,
			"order_num": 0,
			"ext": "./drpy_js/暖光影视.js"
		},
		{
			"key": "hipy_js_牌牌影院",
			"name": "📺牌牌影院",
			"type": 3,
			"api": "./drpy_libs/drpy2.min.js",
			"searchable": 1,
			"quickSearch": 1,
			"filterable": 1,
			"order_num": 0,
			"ext": "./drpy_js/牌牌影院.js"
		},
		{
			"key": "hipy_js_盘搜",
			"name": "📺盘搜",
			"type": 3,
			"api": "./drpy_libs/drpy2.min.js",
			"searchable": 1,
			"quickSearch": 1,
			"filterable": 1,
			"order_num": 0,
			"ext": "./drpy_js/盘搜.js"
		},
		{
			"key": "hipy_js_胖虎影视",
			"name": "📺胖虎影视",
			"type": 3,
			"api": "./drpy_libs/drpy2.min.js",
			"searchable": 1,
			"quickSearch": 1,
			"filterable": 1,
			"order_num": 0,
			"ext": "./drpy_js/胖虎影视.js"
		},
		{
			"key": "hipy_js_皮皮影视",
			"name": "📺皮皮影视",
			"type": 3,
			"api": "./drpy_libs/drpy2.min.js",
			"searchable": 1,
			"quickSearch": 1,
			"filterable": 1,
			"order_num": 0,
			"ext": "./drpy_js/皮皮影视.js"
		},
		{
			"key": "hipy_js_飘花影院",
			"name": "📺飘花影院",
			"type": 3,
			"api": "./drpy_libs/drpy2.min.js",
			"searchable": 1,
			"quickSearch": 1,
			"filterable": 1,
			"order_num": 0,
			"ext": "./drpy_js/飘花影院.js"
		},
		{
			"key": "hipy_js_七新电影网",
			"name": "📺七新电影网",
			"type": 3,
			"api": "./drpy_libs/drpy2.min.js",
			"searchable": 1,
			"quickSearch": 1,
			"filterable": 1,
			"order_num": 0,
			"ext": "./drpy_js/七新电影网.js"
		},
		{
			"key": "hipy_js_全能影视",
			"name": "📺全能影视",
			"type": 3,
			"api": "./drpy_libs/drpy2.min.js",
			"searchable": 1,
			"quickSearch": 1,
			"filterable": 1,
			"order_num": 0,
			"ext": "./drpy_js/全能影视.js"
		},
		{
			"key": "hipy_js_热播之家",
			"name": "📺热播之家",
			"type": 3,
			"api": "./drpy_libs/drpy2.min.js",
			"searchable": 1,
			"quickSearch": 1,
			"filterable": 1,
			"order_num": 0,
			"ext": "./drpy_js/热播之家.js"
		},
		{
			"key": "hipy_js_热片网",
			"name": "📺热片网",
			"type": 3,
			"api": "./drpy_libs/drpy2.min.js",
			"searchable": 1,
			"quickSearch": 1,
			"filterable": 1,
			"order_num": 0,
			"ext": "./drpy_js/热片网.js"
		},
		{
			"key": "hipy_js_人人影视",
			"name": "📺人人影视",
			"type": 3,
			"api": "./drpy_libs/drpy2.min.js",
			"searchable": 1,
			"quickSearch": 1,
			"filterable": 1,
			"order_num": 0,
			"ext": "./drpy_js/人人影视.js"
		},
		{
			"key": "hipy_js_闪雷电",
			"name": "📺闪雷电",
			"type": 3,
			"api": "./drpy_libs/drpy2.min.js",
			"searchable": 1,
			"quickSearch": 1,
			"filterable": 1,
			"order_num": 0,
			"ext": "./drpy_js/闪雷电.js"
		},
		{
			"key": "hipy_js_时光影院",
			"name": "📺时光影院",
			"type": 3,
			"api": "./drpy_libs/drpy2.min.js",
			"searchable": 1,
			"quickSearch": 1,
			"filterable": 1,
			"order_num": 0,
			"ext": "./drpy_js/时光影院.js"
		},
		{
			"key": "hipy_js_素白白",
			"name": "📺素白白",
			"type": 3,
			"api": "./drpy_libs/drpy2.min.js",
			"searchable": 1,
			"quickSearch": 1,
			"filterable": 1,
			"order_num": 0,
			"ext": "./drpy_js/素白白.js"
		},
		{
			"key": "hipy_js_天龙影院",
			"name": "📺天龙影院",
			"type": 3,
			"api": "./drpy_libs/drpy2.min.js",
			"searchable": 1,
			"quickSearch": 1,
			"filterable": 1,
			"order_num": 0,
			"ext": "./drpy_js/天龙影院.js"
		},
		{
			"key": "hipy_js_天启",
			"name": "📺天启",
			"type": 3,
			"api": "./drpy_libs/drpy2.min.js",
			"searchable": 1,
			"quickSearch": 1,
			"filterable": 1,
			"order_num": 0,
			"ext": "./drpy_js/天启.js"
		},
		{
			"key": "hipy_js_天天影视",
			"name": "📺天天影视",
			"type": 3,
			"api": "./drpy_libs/drpy2.min.js",
			"searchable": 1,
			"quickSearch": 1,
			"filterable": 1,
			"order_num": 0,
			"ext": "./drpy_js/天天影视.js"
		},
		{
			"key": "hipy_js_旺旺影视",
			"name": "📺旺旺影视",
			"type": 3,
			"api": "./drpy_libs/drpy2.min.js",
			"searchable": 1,
			"quickSearch": 1,
			"filterable": 1,
			"order_num": 0,
			"ext": "./drpy_js/旺旺影视.js"
		},
		{
			"key": "hipy_js_我播",
			"name": "📺我播",
			"type": 3,
			"api": "./drpy_libs/drpy2.min.js",
			"searchable": 1,
			"quickSearch": 1,
			"filterable": 1,
			"order_num": 0,
			"ext": "./drpy_js/我播.js"
		},
		{
			"key": "hipy_js_无忧影视",
			"name": "📺无忧影视",
			"type": 3,
			"api": "./drpy_libs/drpy2.min.js",
			"searchable": 1,
			"quickSearch": 1,
			"filterable": 1,
			"order_num": 0,
			"ext": "./drpy_js/无忧影视.js"
		},
		{
			"key": "hipy_js_夕云影视",
			"name": "📺夕云影视",
			"type": 3,
			"api": "./drpy_libs/drpy2.min.js",
			"searchable": 1,
			"quickSearch": 1,
			"filterable": 1,
			"order_num": 0,
			"ext": "./drpy_js/夕云影视.js"
		},
		{
			"key": "hipy_js_西瓜影院",
			"name": "📺西瓜影院",
			"type": 3,
			"api": "./drpy_libs/drpy2.min.js",
			"searchable": 1,
			"quickSearch": 1,
			"filterable": 1,
			"order_num": 0,
			"ext": "./drpy_js/西瓜影院.js"
		},
		{
			"key": "hipy_js_西屋影视",
			"name": "📺西屋影视",
			"type": 3,
			"api": "./drpy_libs/drpy2.min.js",
			"searchable": 1,
			"quickSearch": 1,
			"filterable": 1,
			"order_num": 0,
			"ext": "./drpy_js/西屋影视.js"
		},
		{
			"key": "hipy_js_想看影院",
			"name": "📺想看影院",
			"type": 3,
			"api": "./drpy_libs/drpy2.min.js",
			"searchable": 1,
			"quickSearch": 1,
			"filterable": 1,
			"order_num": 0,
			"ext": "./drpy_js/想看影院.js"
		},
		{
			"key": "hipy_js_小白菜电影",
			"name": "📺小白菜电影",
			"type": 3,
			"api": "./drpy_libs/drpy2.min.js",
			"searchable": 1,
			"quickSearch": 1,
			"filterable": 1,
			"order_num": 0,
			"ext": "./drpy_js/小白菜电影.js"
		},
		{
			"key": "hipy_js_小宝影院",
			"name": "📺小宝影院",
			"type": 3,
			"api": "./drpy_libs/drpy2.min.js",
			"searchable": 1,
			"quickSearch": 1,
			"filterable": 1,
			"order_num": 0,
			"ext": "./drpy_js/小宝影院.js"
		},
		{
			"key": "hipy_js_APPV2[模板]2",
			"name": "📺小马影视",
			"type": 3,
			"api": "./drpy_libs/drpy2.min.js",
			"searchable": 1,
			"quickSearch": 1,
			"filterable": 1,
			"order_num": 2,
			"ext": "./drpy_js/APPV2[模板].js?type=url&params=https://mas.szyyds.cn"
		},
		{
			"key": "hipy_js_小猫电影院",
			"name": "📺小猫电影院",
			"type": 3,
			"api": "./drpy_libs/drpy2.min.js",
			"searchable": 1,
			"quickSearch": 1,
			"filterable": 1,
			"order_num": 0,
			"ext": "./drpy_js/小猫电影院.js"
		},
		{
			"key": "hipy_js_新茶杯狐",
			"name": "📺新茶杯狐",
			"type": 3,
			"api": "./drpy_libs/drpy2.min.js",
			"searchable": 1,
			"quickSearch": 1,
			"filterable": 1,
			"order_num": 0,
			"ext": "./drpy_js/新茶杯狐.js"
		},
		{
			"key": "hipy_js_新视觉",
			"name": "📺新视觉",
			"type": 3,
			"api": "./drpy_libs/drpy2.min.js",
			"searchable": 1,
			"quickSearch": 1,
			"filterable": 1,
			"order_num": 0,
			"ext": "./drpy_js/新视觉.js"
		},
		{
			"key": "hipy_js_星辰CT",
			"name": "📺星辰CT",
			"type": 3,
			"api": "./drpy_libs/drpy2.min.js",
			"searchable": 1,
			"quickSearch": 1,
			"filterable": 1,
			"order_num": 0,
			"ext": "./drpy_js/星辰CT.js"
		},
		{
			"key": "hipy_js_星空影院",
			"name": "📺星空影院",
			"type": 3,
			"api": "./drpy_libs/drpy2.min.js",
			"searchable": 1,
			"quickSearch": 1,
			"filterable": 1,
			"order_num": 0,
			"ext": "./drpy_js/星空影院.js"
		},
		{
			"key": "hipy_js_熊猫TV",
			"name": "📺熊猫TV",
			"type": 3,
			"api": "./drpy_libs/drpy2.min.js",
			"searchable": 1,
			"quickSearch": 1,
			"filterable": 1,
			"order_num": 0,
			"ext": "./drpy_js/熊猫TV.js"
		},
		{
			"key": "hipy_js_旋风视频",
			"name": "📺旋风视频",
			"type": 3,
			"api": "./drpy_libs/drpy2.min.js",
			"searchable": 1,
			"quickSearch": 1,
			"filterable": 1,
			"order_num": 0,
			"ext": "./drpy_js/旋风视频.js"
		},
		{
			"key": "hipy_js_鸭奈飞影视",
			"name": "📺鸭奈飞影视",
			"type": 3,
			"api": "./drpy_libs/drpy2.min.js",
			"searchable": 1,
			"quickSearch": 1,
			"filterable": 1,
			"order_num": 0,
			"ext": "./drpy_js/鸭奈飞影视.js"
		},
		{
			"key": "hipy_js_一个g影视",
			"name": "📺一个g影视",
			"type": 3,
			"api": "./drpy_libs/drpy2.min.js",
			"searchable": 1,
			"quickSearch": 1,
			"filterable": 1,
			"order_num": 0,
			"ext": "./drpy_js/一个g影视.js"
		},
		{
			"key": "hipy_js_一起看",
			"name": "📺一起看",
			"type": 3,
			"api": "./drpy_libs/drpy2.min.js",
			"searchable": 1,
			"quickSearch": 1,
			"filterable": 1,
			"order_num": 0,
			"ext": "./drpy_js/一起看.js"
		},
		{
			"key": "hipy_js_一曲肝肠断",
			"name": "📺一曲肝肠断",
			"type": 3,
			"api": "./drpy_libs/drpy2.min.js",
			"searchable": 1,
			"quickSearch": 1,
			"filterable": 1,
			"order_num": 0,
			"ext": "./drpy_js/一曲肝肠断.js"
		},
		{
			"key": "hipy_js_一支穿云箭",
			"name": "📺一支穿云箭",
			"type": 3,
			"api": "./drpy_libs/drpy2.min.js",
			"searchable": 1,
			"quickSearch": 1,
			"filterable": 1,
			"order_num": 0,
			"ext": "./drpy_js/一支穿云箭.js"
		},
		{
			"key": "hipy_js_影剧星球",
			"name": "📺影剧星球",
			"type": 3,
			"api": "./drpy_libs/drpy2.min.js",
			"searchable": 1,
			"quickSearch": 1,
			"filterable": 1,
			"order_num": 0,
			"ext": "./drpy_js/影剧星球.js"
		},
		{
			"key": "hipy_js_影梦影视",
			"name": "📺影梦影视",
			"type": 3,
			"api": "./drpy_libs/drpy2.min.js",
			"searchable": 1,
			"quickSearch": 1,
			"filterable": 1,
			"order_num": 0,
			"ext": "./drpy_js/影梦影视.js"
		},
		{
			"key": "hipy_js_影视大全",
			"name": "📺影视大全",
			"type": 3,
			"api": "./drpy_libs/drpy2.min.js",
			"searchable": 1,
			"quickSearch": 1,
			"filterable": 1,
			"order_num": 0,
			"ext": "./drpy_js/影视大全.js"
		},
		{
			"key": "hipy_js_影视工厂",
			"name": "📺影视工厂",
			"type": 3,
			"api": "./drpy_libs/drpy2.min.js",
			"searchable": 1,
			"quickSearch": 1,
			"filterable": 1,
			"order_num": 0,
			"ext": "./drpy_js/影视工厂.js"
		},
		{
			"key": "hipy_js_影视工场",
			"name": "📺影视工场",
			"type": 3,
			"api": "./drpy_libs/drpy2.min.js",
			"searchable": 1,
			"quickSearch": 1,
			"filterable": 1,
			"order_num": 0,
			"ext": "./drpy_js/影视工场.js"
		},
		{
			"key": "hipy_js_影视看吧",
			"name": "📺影视看吧",
			"type": 3,
			"api": "./drpy_libs/drpy2.min.js",
			"searchable": 1,
			"quickSearch": 1,
			"filterable": 1,
			"order_num": 0,
			"ext": "./drpy_js/影视看吧.js"
		},
		{
			"key": "hipy_js_影视控",
			"name": "📺影视控",
			"type": 3,
			"api": "./drpy_libs/drpy2.min.js",
			"searchable": 1,
			"quickSearch": 1,
			"filterable": 1,
			"order_num": 0,
			"ext": "./drpy_js/影视控.js"
		},
		{
			"key": "hipy_js_映播TV",
			"name": "📺映播TV",
			"type": 3,
			"api": "./drpy_libs/drpy2.min.js",
			"searchable": 1,
			"quickSearch": 1,
			"filterable": 1,
			"order_num": 0,
			"ext": "./drpy_js/映播TV.js"
		},
		{
			"key": "hipy_js_悠悠影视",
			"name": "📺悠悠影视",
			"type": 3,
			"api": "./drpy_libs/drpy2.min.js",
			"searchable": 1,
			"quickSearch": 1,
			"filterable": 1,
			"order_num": 0,
			"ext": "./drpy_js/悠悠影视.js"
		},
		{
			"key": "hipy_js_游子视频",
			"name": "📺游子视频",
			"type": 3,
			"api": "./drpy_libs/drpy2.min.js",
			"searchable": 1,
			"quickSearch": 1,
			"filterable": 1,
			"order_num": 0,
			"ext": "./drpy_js/游子视频.js"
		},
		{
			"key": "hipy_js_宇航影视",
			"name": "📺宇航影视",
			"type": 3,
			"api": "./drpy_libs/drpy2.min.js",
			"searchable": 1,
			"quickSearch": 1,
			"filterable": 1,
			"order_num": 0,
			"ext": "./drpy_js/宇航影视.js"
		},
		{
			"key": "hipy_js_云电影网",
			"name": "📺云电影网",
			"type": 3,
			"api": "./drpy_libs/drpy2.min.js",
			"searchable": 1,
			"quickSearch": 1,
			"filterable": 1,
			"order_num": 0,
			"ext": "./drpy_js/云电影网.js"
		},
		{
			"key": "hipy_js_在线之家",
			"name": "📺在线之家",
			"type": 3,
			"api": "./drpy_libs/drpy2.min.js",
			"searchable": 1,
			"quickSearch": 1,
			"filterable": 1,
			"order_num": 0,
			"ext": "./drpy_js/在线之家.js"
		},
		{
			"key": "hipy_js_APPV2[模板]0",
			"name": "📺泽少",
			"type": 3,
			"api": "./drpy_libs/drpy2.min.js",
			"searchable": 1,
			"quickSearch": 1,
			"filterable": 1,
			"order_num": 0,
			"ext": "./drpy_js/APPV2[模板].js?type=url&params=http://122.228.85.203:1000$http://122.228.85.203:1000/play?url="
		},
		{
			"key": "hipy_js_掌心世界",
			"name": "📺掌心世界",
			"type": 3,
			"api": "./drpy_libs/drpy2.min.js",
			"searchable": 1,
			"quickSearch": 1,
			"filterable": 1,
			"order_num": 0,
			"ext": "./drpy_js/掌心世界.js"
		},
		{
			"key": "hipy_js_子子影视",
			"name": "📺子子影视",
			"type": 3,
			"api": "./drpy_libs/drpy2.min.js",
			"searchable": 1,
			"quickSearch": 1,
			"filterable": 1,
			"order_num": 0,
			"ext": "./drpy_js/子子影视.js"
		},
		{
			"key": "hipy_js_auete",
			"name": "📺auete",
			"type": 3,
			"api": "./drpy_libs/drpy2.min.js",
			"searchable": 1,
			"quickSearch": 1,
			"filterable": 1,
			"order_num": 0,
			"ext": "./drpy_js/auete.js"
		},
		{
			"key": "hipy_js_B站影视",
			"name": "📺B站影视",
			"type": 3,
			"api": "./drpy_libs/drpy2.min.js",
			"searchable": 1,
			"quickSearch": 1,
			"filterable": 1,
			"order_num": 0,
			"ext": "./drpy_js/B站影视.js"
		},
		{
			"key": "hipy_js_cally66影视",
			"name": "📺cally66影视",
			"type": 3,
			"api": "./drpy_libs/drpy2.min.js",
			"searchable": 1,
			"quickSearch": 1,
			"filterable": 1,
			"order_num": 0,
			"ext": "./drpy_js/cally66影视.js"
		},
		{
			"key": "hipy_js_freeok",
			"name": "📺freeok",
			"type": 3,
			"api": "./drpy_libs/drpy2.min.js",
			"searchable": 1,
			"quickSearch": 1,
			"filterable": 1,
			"order_num": 0,
			"ext": "./drpy_js/freeok.js"
		},
		{
			"key": "hipy_js_GO影视",
			"name": "📺GO影视",
			"type": 3,
			"api": "./drpy_libs/drpy2.min.js",
			"searchable": 1,
			"quickSearch": 1,
			"filterable": 1,
			"order_num": 0,
			"ext": "./drpy_js/GO影视.js"
		},
		{
			"key": "hipy_js_HDmoli",
			"name": "📺HDmoli",
			"type": 3,
			"api": "./drpy_libs/drpy2.min.js",
			"searchable": 1,
			"quickSearch": 1,
			"filterable": 1,
			"order_num": 0,
			"ext": "./drpy_js/HDmoli.js"
		},
		{
			"key": "hipy_js_iFun",
			"name": "📺iFun",
			"type": 3,
			"api": "./drpy_libs/drpy2.min.js",
			"searchable": 1,
			"quickSearch": 1,
			"filterable": 1,
			"order_num": 0,
			"ext": "./drpy_js/iFun.js"
		},
		{
			"key": "hipy_js_libvio",
			"name": "📺libvio",
			"type": 3,
			"api": "./drpy_libs/drpy2.min.js",
			"searchable": 1,
			"quickSearch": 1,
			"filterable": 1,
			"order_num": 0,
			"ext": "./drpy_js/libvio.js"
		},
		{
			"key": "hipy_js_PTT追剧大师",
			"name": "📺PTT追剧大师",
			"type": 3,
			"api": "./drpy_libs/drpy2.min.js",
			"searchable": 1,
			"quickSearch": 1,
			"filterable": 1,
			"order_num": 0,
			"ext": "./drpy_js/PTT追剧大师.js"
		},
		{
			"key": "hipy_js_TVB云播",
			"name": "📺TVB云播",
			"type": 3,
			"api": "./drpy_libs/drpy2.min.js",
			"searchable": 1,
			"quickSearch": 1,
			"filterable": 1,
			"order_num": 0,
			"ext": "./drpy_js/TVB云播.js"
		},
		{
			"key": "hipy_js_voflix",
			"name": "📺voflix",
			"type": 3,
			"api": "./drpy_libs/drpy2.min.js",
			"searchable": 1,
			"quickSearch": 1,
			"filterable": 1,
			"order_num": 0,
			"ext": "./drpy_js/voflix.js"
		},
		{
			"key": "hipy_js_爱看短剧[盘]",
			"name": "📲爱看短剧[盘]",
			"type": 3,
			"api": "./drpy_libs/drpy2.min.js",
			"searchable": 1,
			"quickSearch": 1,
			"filterable": 1,
			"order_num": 0,
			"ext": "./drpy_js/爱看短剧[盘].js"
		},
		{
			"key": "hipy_js_短剧天堂",
			"name": "📲短剧天堂",
			"type": 3,
			"api": "./drpy_libs/drpy2.min.js",
			"searchable": 1,
			"quickSearch": 1,
			"filterable": 1,
			"order_num": 0,
			"ext": "./drpy_js/短剧天堂.js"
		},
		{
			"key": "hipy_js_短剧TV网",
			"name": "📲短剧TV网",
			"type": 3,
			"api": "./drpy_libs/drpy2.min.js",
			"searchable": 1,
			"quickSearch": 1,
			"filterable": 1,
			"order_num": 0,
			"ext": "./drpy_js/短剧TV网.js"
		},
		{
			"key": "hipy_js_星芽短剧",
			"name": "📲星芽短剧",
			"type": 3,
			"api": "./drpy_libs/drpy2.min.js",
			"searchable": 1,
			"quickSearch": 1,
			"filterable": 1,
			"order_num": 0,
			"ext": "./drpy_js/星芽短剧.js"
		},
		{
			"key": "hipy_js_暴风资源[资]",
			"name": "♻️暴风资源[资]",
			"type": 3,
			"api": "./drpy_libs/drpy2.min.js",
			"searchable": 1,
			"quickSearch": 1,
			"filterable": 1,
			"order_num": 0,
			"ext": "./drpy_js/暴风资源[资].js"
		},
		{
			"key": "hipy_js_茶语资源[资]",
			"name": "♻️茶语资源[资]",
			"type": 3,
			"api": "./drpy_libs/drpy2.min.js",
			"searchable": 1,
			"quickSearch": 1,
			"filterable": 1,
			"order_num": 0,
			"ext": "./drpy_js/茶语资源[资].js"
		},
		{
			"key": "hipy_js_飞刀资源[资]",
			"name": "♻️飞刀资源[资]",
			"type": 3,
			"api": "./drpy_libs/drpy2.min.js",
			"searchable": 1,
			"quickSearch": 1,
			"filterable": 1,
			"order_num": 0,
			"ext": "./drpy_js/飞刀资源[资].js"
		},
		{
			"key": "hipy_js_非凡资源[资]",
			"name": "♻️非凡资源[资]",
			"type": 3,
			"api": "./drpy_libs/drpy2.min.js",
			"searchable": 1,
			"quickSearch": 1,
			"filterable": 1,
			"order_num": 0,
			"ext": "./drpy_js/非凡资源[资].js"
		},
		{
			"key": "hipy_js_黑木耳资源[资]",
			"name": "♻️黑木耳资源[资]",
			"type": 3,
			"api": "./drpy_libs/drpy2.min.js",
			"searchable": 1,
			"quickSearch": 1,
			"filterable": 1,
			"order_num": 0,
			"ext": "./drpy_js/黑木耳资源[资].js"
		},
		{
			"key": "hipy_js_极客资源[资]",
			"name": "♻️极客资源[资]",
			"type": 3,
			"api": "./drpy_libs/drpy2.min.js",
			"searchable": 1,
			"quickSearch": 1,
			"filterable": 1,
			"order_num": 0,
			"ext": "./drpy_js/极客资源[资].js"
		},
		{
			"key": "hipy_js_极速资源[资]",
			"name": "♻️极速资源[资]",
			"type": 3,
			"api": "./drpy_libs/drpy2.min.js",
			"searchable": 1,
			"quickSearch": 1,
			"filterable": 1,
			"order_num": 0,
			"ext": "./drpy_js/极速资源[资].js"
		},
		{
			"key": "hipy_js_金鹰资源[资]",
			"name": "♻️金鹰资源[资]",
			"type": 3,
			"api": "./drpy_libs/drpy2.min.js",
			"searchable": 1,
			"quickSearch": 1,
			"filterable": 1,
			"order_num": 0,
			"ext": "./drpy_js/金鹰资源[资].js"
		},
		{
			"key": "hipy_js_量子影视[资]",
			"name": "♻️量子影视[资]",
			"type": 3,
			"api": "./drpy_libs/drpy2.min.js",
			"searchable": 1,
			"quickSearch": 1,
			"filterable": 1,
			"order_num": 0,
			"ext": "./drpy_js/量子影视[资].js"
		},
		{
			"key": "hipy_js_量子资源[资]",
			"name": "♻️量子资源[资]",
			"type": 3,
			"api": "./drpy_libs/drpy2.min.js",
			"searchable": 1,
			"quickSearch": 1,
			"filterable": 1,
			"order_num": 0,
			"ext": "./drpy_js/量子资源[资].js"
		},
		{
			"key": "hipy_js_魔都资源[资]",
			"name": "♻️魔都资源[资]",
			"type": 3,
			"api": "./drpy_libs/drpy2.min.js",
			"searchable": 1,
			"quickSearch": 1,
			"filterable": 1,
			"order_num": 0,
			"ext": "./drpy_js/魔都资源[资].js"
		},
		{
			"key": "hipy_js_泥视频[资]",
			"name": "♻️泥视频[资]",
			"type": 3,
			"api": "./drpy_libs/drpy2.min.js",
			"searchable": 1,
			"quickSearch": 1,
			"filterable": 1,
			"order_num": 0,
			"ext": "./drpy_js/泥视频[资].js"
		},
		{
			"key": "hipy_js_索尼资源[资]",
			"name": "♻️索尼资源[资]",
			"type": 3,
			"api": "./drpy_libs/drpy2.min.js",
			"searchable": 1,
			"quickSearch": 1,
			"filterable": 1,
			"order_num": 0,
			"ext": "./drpy_js/索尼资源[资].js"
		},
		{
			"key": "hipy_js_歪片星球[资]",
			"name": "♻️歪片星球[资]",
			"type": 3,
			"api": "./drpy_libs/drpy2.min.js",
			"searchable": 1,
			"quickSearch": 1,
			"filterable": 1,
			"order_num": 0,
			"ext": "./drpy_js/歪片星球[资].js"
		},
		{
			"key": "hipy_js_文才[资]",
			"name": "♻️文才[资]",
			"type": 3,
			"api": "./drpy_libs/drpy2.min.js",
			"searchable": 1,
			"quickSearch": 1,
			"filterable": 1,
			"order_num": 0,
			"ext": "./drpy_js/文才[资].js"
		},
		{
			"key": "hipy_js_文才2[资]",
			"name": "♻️文才2[资]",
			"type": 3,
			"api": "./drpy_libs/drpy2.min.js",
			"searchable": 1,
			"quickSearch": 1,
			"filterable": 1,
			"order_num": 0,
			"ext": "./drpy_js/文才2[资].js"
		},
		{
			"key": "hipy_js_卧龙资源[资]",
			"name": "♻️卧龙资源[资]",
			"type": 3,
			"api": "./drpy_libs/drpy2.min.js",
			"searchable": 1,
			"quickSearch": 1,
			"filterable": 1,
			"order_num": 0,
			"ext": "./drpy_js/卧龙资源[资].js"
		},
		{
			"key": "hipy_js_iku喵[资]",
			"name": "♻️iku喵[资]",
			"type": 3,
			"api": "./drpy_libs/drpy2.min.js",
			"searchable": 1,
			"quickSearch": 1,
			"filterable": 1,
			"order_num": 0,
			"ext": "./drpy_js/iku喵[资].js"
		},
		{
			"key": "hipy_js_ok资源[资]",
			"name": "♻️ok资源[资]",
			"type": 3,
			"api": "./drpy_libs/drpy2.min.js",
			"searchable": 1,
			"quickSearch": 1,
			"filterable": 1,
			"order_num": 0,
			"ext": "./drpy_js/ok资源[资].js"
		},
		{
			"key": "hipy_js_111tv[自动]",
			"name": "🤖111tv[自动]",
			"type": 3,
			"api": "./drpy_libs/drpy2.min.js",
			"searchable": 1,
			"quickSearch": 1,
			"filterable": 1,
			"order_num": 0,
			"ext": "./drpy_js/111tv[自动].js"
		},
		{
			"key": "hipy_js_爱优影视[自动]",
			"name": "🤖爱优影视[自动]",
			"type": 3,
			"api": "./drpy_libs/drpy2.min.js",
			"searchable": 1,
			"quickSearch": 1,
			"filterable": 1,
			"order_num": 0,
			"ext": "./drpy_js/爱优影视[自动].js"
		},
		{
			"key": "hipy_js_电影猎手[自动]",
			"name": "🤖电影猎手[自动]",
			"type": 3,
			"api": "./drpy_libs/drpy2.min.js",
			"searchable": 1,
			"quickSearch": 1,
			"filterable": 1,
			"order_num": 0,
			"ext": "./drpy_js/电影猎手[自动].js"
		},
		{
			"key": "hipy_js_茄子影视[自动]",
			"name": "🤖茄子影视[自动]",
			"type": 3,
			"api": "./drpy_libs/drpy2.min.js",
			"searchable": 1,
			"quickSearch": 1,
			"filterable": 1,
			"order_num": 0,
			"ext": "./drpy_js/茄子影视[自动].js"
		},
		{
			"key": "hipy_js_来看点播[自动]",
			"name": "🤖来看点播[自动]",
			"type": 3,
			"api": "./drpy_libs/drpy2.min.js",
			"searchable": 1,
			"quickSearch": 1,
			"filterable": 1,
			"order_num": 0,
			"ext": "./drpy_js/来看点播[自动].js"
		},
		{
			"key": "hipy_js_老王电影[自动]",
			"name": "🤖老王电影[自动]",
			"type": 3,
			"api": "./drpy_libs/drpy2.min.js",
			"searchable": 1,
			"quickSearch": 1,
			"filterable": 1,
			"order_num": 0,
			"ext": "./drpy_js/老王电影[自动].js"
		},
		{
			"key": "hipy_js_神马影院[自动]",
			"name": "🤖神马影院[自动]",
			"type": 3,
			"api": "./drpy_libs/drpy2.min.js",
			"searchable": 1,
			"quickSearch": 1,
			"filterable": 1,
			"order_num": 0,
			"ext": "./drpy_js/神马影院[自动].js"
		},
		{
			"key": "hipy_js_网飞啦[自动]",
			"name": "🤖网飞啦[自动]",
			"type": 3,
			"api": "./drpy_libs/drpy2.min.js",
			"searchable": 1,
			"quickSearch": 1,
			"filterable": 1,
			"order_num": 0,
			"ext": "./drpy_js/网飞啦[自动].js"
		},
		{
			"key": "hipy_js_妖狐影视[自动]",
			"name": "🤖妖狐影视[自动]",
			"type": 3,
			"api": "./drpy_libs/drpy2.min.js",
			"searchable": 1,
			"quickSearch": 1,
			"filterable": 1,
			"order_num": 0,
			"ext": "./drpy_js/妖狐影视[自动].js"
		},
		{
			"key": "hipy_js_bilfun(自动)",
			"name": "🤖bilfun(自动)",
			"type": 3,
			"api": "./drpy_libs/drpy2.min.js",
			"searchable": 1,
			"quickSearch": 1,
			"filterable": 1,
			"order_num": 0,
			"ext": "./drpy_js/bilfun(自动).js"
		},
		{
			"key": "hipy_js_河狸影视[V2]",
			"name": "🔱河狸影视[V2]",
			"type": 3,
			"api": "./drpy_libs/drpy2.min.js",
			"searchable": 1,
			"quickSearch": 1,
			"filterable": 1,
			"order_num": 0,
			"ext": "./drpy_js/河狸影视[V2].js"
		},
		{
			"key": "hipy_js_思古影视[V2]",
			"name": "🔱思古影视[V2]",
			"type": 3,
			"api": "./drpy_libs/drpy2.min.js",
			"searchable": 1,
			"quickSearch": 1,
			"filterable": 1,
			"order_num": 0,
			"ext": "./drpy_js/思古影视[V2].js"
		},
		{
			"key": "hipy_js_小马影视[V2]",
			"name": "🔱小马影视[V2]",
			"type": 3,
			"api": "./drpy_libs/drpy2.min.js",
			"searchable": 1,
			"quickSearch": 1,
			"filterable": 1,
			"order_num": 0,
			"ext": "./drpy_js/小马影视[V2].js"
		},
		{
			"key": "hipy_js_鸭飞影视[V2]",
			"name": "🔱鸭飞影视[V2]",
			"type": 3,
			"api": "./drpy_libs/drpy2.min.js",
			"searchable": 1,
			"quickSearch": 1,
			"filterable": 1,
			"order_num": 0,
			"ext": "./drpy_js/鸭飞影视[V2].js"
		},
		{
			"key": "hipy_js_58动漫[漫]",
			"name": "💮58动漫[漫]",
			"type": 3,
			"api": "./drpy_libs/drpy2.min.js",
			"searchable": 1,
			"quickSearch": 1,
			"filterable": 1,
			"order_num": 0,
			"ext": "./drpy_js/58动漫[漫].js"
		},
		{
			"key": "hipy_js_爱弹幕[漫]",
			"name": "💮爱弹幕[漫]",
			"type": 3,
			"api": "./drpy_libs/drpy2.min.js",
			"searchable": 1,
			"quickSearch": 1,
			"filterable": 1,
			"order_num": 0,
			"ext": "./drpy_js/爱弹幕[漫].js"
		},
		{
			"key": "hipy_js_次元城动漫[漫]",
			"name": "💮次元城动漫[漫]",
			"type": 3,
			"api": "./drpy_libs/drpy2.min.js",
			"searchable": 1,
			"quickSearch": 1,
			"filterable": 1,
			"order_num": 0,
			"ext": "./drpy_js/次元城动漫[漫].js"
		},
		{
			"key": "hipy_js_大米动漫[漫]",
			"name": "💮大米动漫[漫]",
			"type": 3,
			"api": "./drpy_libs/drpy2.min.js",
			"searchable": 1,
			"quickSearch": 1,
			"filterable": 1,
			"order_num": 0,
			"ext": "./drpy_js/大米动漫[漫].js"
		},
		{
			"key": "hipy_js_动漫巴士[漫]",
			"name": "💮动漫巴士[漫]",
			"type": 3,
			"api": "./drpy_libs/drpy2.min.js",
			"searchable": 1,
			"quickSearch": 1,
			"filterable": 1,
			"order_num": 0,
			"ext": "./drpy_js/动漫巴士[漫].js"
		},
		{
			"key": "hipy_js_动漫网[漫]",
			"name": "💮动漫网[漫]",
			"type": 3,
			"api": "./drpy_libs/drpy2.min.js",
			"searchable": 1,
			"quickSearch": 1,
			"filterable": 1,
			"order_num": 0,
			"ext": "./drpy_js/动漫网[漫].js"
		},
		{
			"key": "hipy_js_花子动漫[漫]",
			"name": "💮花子动漫[漫]",
			"type": 3,
			"api": "./drpy_libs/drpy2.min.js",
			"searchable": 1,
			"quickSearch": 1,
			"filterable": 1,
			"order_num": 0,
			"ext": "./drpy_js/花子动漫[漫].js"
		},
		{
			"key": "hipy_js_路漫漫[漫]",
			"name": "💮路漫漫[漫]",
			"type": 3,
			"api": "./drpy_libs/drpy2.min.js",
			"searchable": 1,
			"quickSearch": 1,
			"filterable": 1,
			"order_num": 0,
			"ext": "./drpy_js/路漫漫[漫].js"
		},
		{
			"key": "hipy_js_萌番[漫]",
			"name": "💮萌番[漫]",
			"type": 3,
			"api": "./drpy_libs/drpy2.min.js",
			"searchable": 1,
			"quickSearch": 1,
			"filterable": 1,
			"order_num": 0,
			"ext": "./drpy_js/萌番[漫].js"
		},
		{
			"key": "hipy_js_奇米动漫[漫]",
			"name": "💮奇米动漫[漫]",
			"type": 3,
			"api": "./drpy_libs/drpy2.min.js",
			"searchable": 1,
			"quickSearch": 1,
			"filterable": 1,
			"order_num": 0,
			"ext": "./drpy_js/奇米动漫[漫].js"
		},
		{
			"key": "hipy_js_央视少儿[漫]",
			"name": "💮央视少儿[漫]",
			"type": 3,
			"api": "./drpy_libs/drpy2.min.js",
			"searchable": 1,
			"quickSearch": 1,
			"filterable": 1,
			"order_num": 0,
			"ext": "./drpy_js/央视少儿[漫].js"
		},
		{
			"key": "hipy_js_怡萱动漫[漫]",
			"name": "💮怡萱动漫[漫]",
			"type": 3,
			"api": "./drpy_libs/drpy2.min.js",
			"searchable": 1,
			"quickSearch": 1,
			"filterable": 1,
			"order_num": 0,
			"ext": "./drpy_js/怡萱动漫[漫].js"
		},
		{
			"key": "hipy_js_樱花动漫[漫]",
			"name": "💮樱花动漫[漫]",
			"type": 3,
			"api": "./drpy_libs/drpy2.min.js",
			"searchable": 1,
			"quickSearch": 1,
			"filterable": 1,
			"order_num": 0,
			"ext": "./drpy_js/樱花动漫[漫].js"
		},
		{
			"key": "hipy_js_NT动漫[漫]",
			"name": "💮NT动漫[漫]",
			"type": 3,
			"api": "./drpy_libs/drpy2.min.js",
			"searchable": 1,
			"quickSearch": 1,
			"filterable": 1,
			"order_num": 0,
			"ext": "./drpy_js/NT动漫[漫].js"
		},
		{
			"key": "hipy_js_贝乐虎[儿]",
			"name": "👶贝乐虎[儿]",
			"type": 3,
			"api": "./drpy_libs/drpy2.min.js",
			"searchable": 1,
			"quickSearch": 1,
			"filterable": 1,
			"order_num": 0,
			"ext": "./drpy_js/贝乐虎[儿].js"
		},
		{
			"key": "hipy_js_童趣[儿]",
			"name": "👶童趣[儿]",
			"type": 3,
			"api": "./drpy_libs/drpy2.min.js",
			"searchable": 1,
			"quickSearch": 1,
			"filterable": 1,
			"order_num": 0,
			"ext": "./drpy_js/童趣[儿].js"
		},
		{
			"key": "hipy_js_兔小贝[儿]",
			"name": "👶兔小贝[儿]",
			"type": 3,
			"api": "./drpy_libs/drpy2.min.js",
			"searchable": 1,
			"quickSearch": 1,
			"filterable": 1,
			"order_num": 0,
			"ext": "./drpy_js/兔小贝[儿].js"
		},
		{
			"key": "hipy_js_6V新版[磁]",
			"name": "🧲6V新版[磁]",
			"type": 3,
			"api": "./drpy_libs/drpy2.min.js",
			"searchable": 1,
			"quickSearch": 1,
			"filterable": 1,
			"order_num": 0,
			"ext": "./drpy_js/6V新版[磁].js"
		},
		{
			"key": "hipy_js_磁力熊[磁]",
			"name": "🧲磁力熊[磁]",
			"type": 3,
			"api": "./drpy_libs/drpy2.min.js",
			"searchable": 1,
			"quickSearch": 1,
			"filterable": 1,
			"order_num": 0,
			"ext": "./drpy_js/磁力熊[磁].js"
		},
		{
			"key": "hipy_js_爱看机器人[虫]",
			"name": "🐞爱看机器人[虫]",
			"type": 3,
			"api": "./drpy_libs/drpy2.min.js",
			"searchable": 1,
			"quickSearch": 1,
			"filterable": 1,
			"order_num": 0,
			"ext": "./drpy_js/爱看机器人[虫].js"
		},
		{
			"key": "hipy_js_好趣网[播]",
			"name": "▶️好趣网[播]",
			"type": 3,
			"api": "./drpy_libs/drpy2.min.js",
			"searchable": 1,
			"quickSearch": 1,
			"filterable": 1,
			"order_num": 0,
			"ext": "./drpy_js/好趣网[播].js"
		},
		{
			"key": "hipy_js_01看球[球]",
			"name": "⚽01看球[球]",
			"type": 3,
			"api": "./drpy_libs/drpy2.min.js",
			"searchable": 1,
			"quickSearch": 1,
			"filterable": 1,
			"order_num": 0,
			"ext": "./drpy_js/01看球[球].js"
		},
		{
			"key": "hipy_js_310直播[球]",
			"name": "⚽310直播[球]",
			"type": 3,
			"api": "./drpy_libs/drpy2.min.js",
			"searchable": 1,
			"quickSearch": 1,
			"filterable": 1,
			"order_num": 0,
			"ext": "./drpy_js/310直播[球].js"
		},
		{
			"key": "hipy_js_360吧[球]",
			"name": "⚽360吧[球]",
			"type": 3,
			"api": "./drpy_libs/drpy2.min.js",
			"searchable": 1,
			"quickSearch": 1,
			"filterable": 1,
			"order_num": 0,
			"ext": "./drpy_js/360吧[球].js"
		},
		{
			"key": "hipy_js_88看球[球]",
			"name": "⚽88看球[球]",
			"type": 3,
			"api": "./drpy_libs/drpy2.min.js",
			"searchable": 1,
			"quickSearch": 1,
			"filterable": 1,
			"order_num": 0,
			"ext": "./drpy_js/88看球[球].js"
		},
		{
			"key": "hipy_js_926tv[球]",
			"name": "⚽926tv[球]",
			"type": 3,
			"api": "./drpy_libs/drpy2.min.js",
			"searchable": 1,
			"quickSearch": 1,
			"filterable": 1,
			"order_num": 0,
			"ext": "./drpy_js/926tv[球].js"
		},
		{
			"key": "88Pan",
			"name": "🇵88网盘|网盘搜索",
			"type": 3,
			"api": "csp_EightEight",
			"timeout": 60,
			"ext": "./json/tokenm.json$$$https://662688.xyz$$$",
			"style": {
				"type": "list",
				"ratio": 1.1
			},
			"order_num": 9999
		},
		{
			"key": "AliShareEBook",
			"name": "🇵阿里云盘书籍分享",
			"type": 3,
			"api": "csp_AliShare",
			"searchable": 0,
			"quickSearch": 0,
			"changeable": 0,
			"filterable": 0,
			"timeout": 60,
			"ext": "./json/tokenm.json$$$./json/alishare.ebook.txt$$$db$$$1",
			"style": {
				"type": "list",
				"ratio": 1.1
			},
			"order_num": 9999
		},
		{
			"key": "AliShare",
			"name": "🇵阿里云盘影视分享",
			"type": 3,
			"api": "csp_AliShare",
			"searchable": 1,
			"quickSearch": 1,
			"changeable": 1,
			"filterable": 0,
			"timeout": 60,
			"ext": "./json/tokenm.json$$$./json/alishare.txt$$$db$$$1",
			"style": {
				"type": "list",
				"ratio": 1.1
			},
			"order_num": 9999
		},
		{
			"key": "Bdys_spider",
			"name": "🇵哔滴┃磁力",
			"api": "csp_Bdys01",
			"type": 3,
			"filterable": 1,
			"searchable": 1,
			"quickSearch": 1,
			"ext": "https://www.yjys.me/$$$None$$$1",
			"order_num": 9999
		},
		{
			"key": "DaPanSo",
			"name": "🇵大盘搜|网盘搜索",
			"type": 3,
			"api": "csp_DaPanSo",
			"quickSearch": 1,
			"changeable": 1,
			"filterable": 1,
			"timeout": 60,
			"ext": "./json/tokenm.json$$$https://dapanso.com$$$proxy$$$1",
			"order_num": 9999
		},
		{
			"key": "MV_vod",
			"name": "🇵电视┃MTV",
			"type": 1,
			"api": "https://mv.wogg.link/mv/vod",
			"searchable": 1,
			"quickSearch": 0,
			"changeable": 0,
			"order_num": 9999
		},
		{
			"key": "混合盘",
			"name": "🇵混合盘|网盘搜索",
			"type": 3,
			"api": "csp_HunHePan",
			"timeout": 60,
			"ext": "./json/tokenm.json",
			"style": {
				"type": "list",
				"ratio": 1.1
			},
			"order_num": 9999
		},
		{
			"key": "酷狗",
			"name": "🇵酷狗",
			"type": 3,
			"api": "csp_Kugou",
			"searchable": 1,
			"changeable": 0,
			"order_num": 9999
		},
		{
			"key": "QuarkPanso",
			"name": "🇵夸克盘搜|夸克搜索",
			"type": 3,
			"api": "csp_QuarkPanso",
			"quickSearch": 1,
			"changeable": 1,
			"filterable": 1,
			"timeout": 60,
			"ext": "./json/tokenm.json",
			"style": {
				"type": "list",
				"ratio": 1.1
			},
			"order_num": 9999
		},
		{
			"key": "QuarkShare",
			"name": "🇵夸克云盘分享",
			"type": 3,
			"api": "csp_QuarkShare",
			"searchable": 0,
			"quickSearch": 0,
			"changeable": 0,
			"filterable": 0,
			"timeout": 60,
			"ext": "./json/tokenm.json$$$./json/quarkshare.txt",
			"style": {
				"type": "list",
				"ratio": 1.1
			},
			"order_num": 9999
		},
		{
			"key": "秒搜",
			"name": "🇵秒搜|网盘搜索",
			"type": 3,
			"api": "csp_MiaoSou",
			"timeout": 60,
			"ext": "./json/tokenm.json",
			"style": {
				"type": "list",
				"ratio": 1.1
			},
			"order_num": 9999
		},
		{
			"key": "盘友圈",
			"name": "🇵盘友圈|网盘搜索",
			"type": 3,
			"api": "csp_Panyq",
			"timeout": 60,
			"ext": "./json/tokenm.json$$$site$$$proxy",
			"order_num": 9999
		},
		{
			"key": "PikaSo",
			"name": "🇵皮卡搜|网盘搜索",
			"type": 3,
			"api": "csp_PikaSo",
			"quickSearch": 1,
			"changeable": 1,
			"filterable": 1,
			"timeout": 60,
			"ext": "./json/tokenm.json$$$https://www.pikaso.top/$$$None",
			"style": {
				"type": "list",
				"ratio": 1.1
			},
			"order_num": 9999
		},
		{
			"key": "Ppxzy",
			"name": "🇵皮皮虾|网盘",
			"type": 3,
			"api": "csp_Ppxzy",
			"quickSearch": 1,
			"changeable": 1,
			"filterable": 1,
			"timeout": 60,
			"ext": "./json/tokenm.json$$$https://ppxzy.ink$$$proxy$$$1",
			"order_num": 9999
		},
		{
			"key": "Qianfan",
			"name": "🇵千帆|网盘搜索",
			"type": 3,
			"api": "csp_Qianfan",
			"quickSearch": 1,
			"changeable": 1,
			"filterable": 1,
			"timeout": 60,
			"ext": "./json/tokenm.json$$$https://pan.qianfan.app$$$None$$$./json/qianfan.txt$$$1",
			"order_num": 9999
		},
		{
			"key": "Funletu",
			"name": "🇵趣盘搜|夸克搜索",
			"type": 3,
			"api": "csp_Funletu",
			"quickSearch": 1,
			"changeable": 1,
			"filterable": 1,
			"timeout": 60,
			"ext": "./json/tokenm.json",
			"style": {
				"type": "list",
				"ratio": 1.1
			},
			"order_num": 9999
		},
		{
			"key": "push_agent",
			"name": "🇵推送",
			"type": 3,
			"api": "csp_Push",
			"changeable": 0,
			"timeout": 30,
			"ext": "./json/tokenm.json",
			"order_num": 9999
		},
		{
			"key": "yydsys",
			"name": "🇵玩你老哥|网盘",
			"type": 3,
			"api": "csp_Wobg",
			"quickSearch": 1,
			"changeable": 1,
			"filterable": 1,
			"timeout": 60,
			"ext": "./json/tokenm.json$$$https://tv.yydsys.top/$$$proxy$$$1$$$./json/wogg.json",
			"order_num": 9999
		},
		{
			"key": "Wo4k",
			"name": "🇵玩偶4K|磁力",
			"type": 3,
			"api": "csp_Wo4k",
			"quickSearch": 1,
			"changeable": 1,
			"filterable": 1,
			"timeout": 60,
			"ext": "./json/tokenm.json$$$https://www.wo4k.net/$$$proxy$$$1$$$./json/wogg.json",
			"order_num": 9999
		},
		{
			"key": "Wobg",
			"name": "🇵玩偶表哥|网盘",
			"type": 3,
			"api": "csp_Wobg",
			"quickSearch": 1,
			"changeable": 1,
			"filterable": 1,
			"timeout": 60,
			"ext": "./json/tokenm.json$$$https://wobge.run.goorm.io$$$proxy$$$1$$$./json/wogg.json",
			"order_num": 9999
		},
		{
			"key": "Wogg",
			"name": "🇵玩偶哥哥|网盘",
			"type": 3,
			"api": "csp_Wogg",
			"quickSearch": 1,
			"changeable": 1,
			"filterable": 1,
			"timeout": 60,
			"ext": "./json/tokenm.json$$$https://wogg.link/$$$proxy$$$1$$$./json/wogg.json",
			"order_num": 9999
		},
		{
			"key": "PushShare",
			"name": "🇵我的资源分享",
			"type": 3,
			"api": "csp_PushShare",
			"searchable": 1,
			"quickSearch": 1,
			"changeable": 1,
			"filterable": 0,
			"timeout": 60,
			"ext": "./json/tokenm.json$$$./json/pushshare.txt$$$db$$$1",
			"style": {
				"type": "list",
				"ratio": 1.1
			},
			"order_num": 9999
		},
		{
			"key": "YunSo",
			"name": "🇵小云搜索|网盘搜索",
			"type": 3,
			"api": "csp_YunSo",
			"quickSearch": 1,
			"changeable": 1,
			"filterable": 1,
			"timeout": 60,
			"ext": "./json/tokenm.json$$$https://www.yunso.net$$$None$$$1",
			"style": {
				"type": "list",
				"ratio": 1.1
			},
			"order_num": 9999
		},
		{
			"key": "校长影视",
			"name": "🇵校长影视|网盘",
			"type": 3,
			"api": "csp_XiaoZhang",
			"quickSearch": 1,
			"changeable": 1,
			"filterable": 1,
			"timeout": 60,
			"ext": "./json/tokenm.json$$$https://xzyshd.com$$$proxy$$$1",
			"order_num": 9999
		},
		{
			"key": "Xinshijue",
			"name": "🇵新视觉|网盘",
			"type": 3,
			"api": "csp_Xinshijue",
			"quickSearch": 1,
			"changeable": 1,
			"filterable": 1,
			"timeout": 60,
			"ext": "./json/tokenm.json$$$https://www.80yy3.com/$$$proxy$$$1$$$./json/wogg.json",
			"order_num": 9999
		},
		{
			"key": "ThunderShare",
			"name": "🇵迅雷云盘分享",
			"type": 3,
			"api": "csp_ThunderShare",
			"searchable": 0,
			"quickSearch": 0,
			"changeable": 0,
			"filterable": 0,
			"timeout": 60,
			"ext": "./json/tokenm.json$$$./json/thundershare.txt",
			"style": {
				"type": "list",
				"ratio": 1.1
			},
			"order_num": 9999
		},
		{
			"key": "Yinyuetai",
			"name": "🇵音悦台",
			"type": 3,
			"api": "csp_Yinyuetai",
			"searchable": 1,
			"changeable": 0,
			"order_num": 9999
		},
		{
			"key": "Hdhive",
			"name": "🇵影巢|网盘",
			"type": 3,
			"api": "csp_Hdhive",
			"quickSearch": 1,
			"changeable": 1,
			"filterable": 1,
			"timeout": 60,
			"ext": "./json/tokenm.json$$$proxy$$$1",
			"order_num": 9999
		},
		{
			"key": "YingSo",
			"name": "🇵影搜|网盘搜索",
			"type": 3,
			"api": "csp_YingSo",
			"timeout": 60,
			"ext": "./json/tokenm.json",
			"order_num": 9999
		},
		{
			"key": "YunPan",
			"name": "🇵云盘资源|网盘",
			"type": 3,
			"api": "csp_YunPan",
			"timeout": 60,
			"ext": "./json/tokenm.json$$$None$$$proxy$$$1",
			"order_num": 9999
		},
		{
			"key": "YunPanOne",
			"name": "🇵云盘One|网盘搜索",
			"type": 3,
			"api": "csp_YunPanOne",
			"quickSearch": 1,
			"changeable": 1,
			"filterable": 1,
			"timeout": 60,
			"ext": "./json/tokenm.json$$$None$$$proxy$$$1",
			"order_num": 9999
		},
		{
			"key": "Moli",
			"name": "🇵HDmoli|网盘",
			"type": 3,
			"api": "csp_Moli",
			"quickSearch": 1,
			"changeable": 1,
			"filterable": 1,
			"timeout": 60,
			"ext": "./json/tokenm.json$$$https://www.hdmoli.pro/$$$proxy$$$1$$$./json/moli.json",
			"order_num": 9999
		},
		{
			"key": "Iktv",
			"name": "🇵KTV",
			"type": 3,
			"api": "csp_Iktv",
			"searchable": 1,
			"changeable": 0,
			"order_num": 9999
		},
		{
			"key": "PanSearch",
			"name": "🇵PanSearch|网盘搜索",
			"type": 3,
			"api": "csp_PanSearch",
			"quickSearch": 1,
			"changeable": 1,
			"filterable": 1,
			"timeout": 60,
			"ext": "./json/tokenm.json",
			"order_num": 9999
		},
		{
			"key": "PikPakShare",
			"name": "🇵PikPak分享",
			"type": 3,
			"api": "csp_PikPakShare",
			"searchable": 1,
			"quickSearch": 1,
			"changeable": 1,
			"filterable": 0,
			"timeout": 60,
			"ext": "./json/tokenm.json$$$./json/pikpakclass.json$$$./json/pikpakclass.json.txt.gz",
			"style": {
				"type": "list",
				"ratio": 1.1
			},
			"order_num": 9999
		},
		{
			"key": "SambaShare",
			"name": "🇵Samba分享",
			"type": 3,
			"api": "csp_SambaShare",
			"searchable": 0,
			"quickSearch": 0,
			"changeable": 0,
			"filterable": 0,
			"timeout": 60,
			"ext": "./json/tokenm.json$$$./json/sambashare.txt",
			"order_num": 9999
		},
		{
			"key": "🔞155采集",
			"name": "🔞155采集[密]",
			"type": 1,
			"api": "https://155api.com/api.php/provide/vod/",
			"searchable": 1,
			"quickSearch": 1,
			"filterable": 1
		},
		{
			"key": "🔞阿里BB",
			"name": "🔞阿里BB[密]",
			"type": 1,
			"api": "https://bbckzy8.cc/api.php/provide/vod/",
			"searchable": 1,
			"quickSearch": 1,
			"filterable": 1
		},
		{
			"key": "🔞愛豆傳媒",
			"name": "🔞愛豆傳媒[密]",
			"type": 1,
			"api": "http://chujia.cc/api.php/provide/vod/",
			"searchable": 1,
			"quickSearch": 1,
			"filterable": 1
		},
		{
			"key": "🔞奧斯卡",
			"name": "🔞奧斯卡[密]",
			"type": 1,
			"api": "https://aosikazy.com/api.php/provide/vod/",
			"searchable": 1,
			"quickSearch": 1,
			"filterable": 1
		},
		{
			"key": "🔞白嫖资源",
			"name": "🔞白嫖资源[密]",
			"type": 0,
			"api": "https://www.kxgav.com/api/xml.php",
			"searchable": 1,
			"quickSearch": 1,
			"filterable": 1
		},
		{
			"key": "🔞草榴采集",
			"name": "🔞草榴采集[密]",
			"type": 1,
			"api": "https://www.caoliuzyw.com/api.php/provide/vod/",
			"searchable": 1,
			"quickSearch": 1,
			"filterable": 1
		},
		{
			"key": "🔞大地采集",
			"name": "🔞大地采集[密]",
			"type": 1,
			"api": "https://caiji.semaozy.net/inc/apijson_vod.php/",
			"searchable": 1,
			"quickSearch": 1,
			"filterable": 1
		},
		{
			"key": "🔞滴滴采集",
			"name": "🔞滴滴采集[密]",
			"type": 1,
			"api": "https://api.ddapi.cc/api.php/provide/vod/",
			"searchable": 1,
			"quickSearch": 1,
			"filterable": 1
		},
		{
			"key": "🔞番號采集",
			"name": "🔞番號采集[密]",
			"type": 1,
			"api": "http://fhapi9.com/api.php/provide/vod/",
			"searchable": 1,
			"quickSearch": 1,
			"filterable": 1
		},
		{
			"key": "🔞黄AV资源",
			"name": "🔞黄AV资源[密]",
			"type": 0,
			"api": "https://www.pgxdy.com/api/xml.php",
			"searchable": 1,
			"quickSearch": 1,
			"filterable": 1
		},
		{
			"key": "🔞精品采集",
			"name": "🔞精品采集[密]",
			"type": 1,
			"api": "https://www.jingpinx.com/api.php/provide/vod/",
			"searchable": 1,
			"quickSearch": 1,
			"filterable": 1
		},
		{
			"key": "🔞橘貓影視",
			"name": "🔞橘貓影視[密]",
			"type": 1,
			"api": "https://to.to-long.com/api.php/provide/vod/",
			"searchable": 1,
			"quickSearch": 1,
			"filterable": 1
		},
		{
			"key": "🔞老色逼",
			"name": "🔞老色逼[密]",
			"type": 1,
			"api": "https://apilsbzy1.com/api.php/provide/vod/",
			"searchable": 1,
			"quickSearch": 1,
			"filterable": 1
		},
		{
			"key": "🔞老鴨采集",
			"name": "🔞老鴨采集[密]",
			"type": 1,
			"api": "https://api.apilyzy.com/api.php/provide/vod/",
			"searchable": 1,
			"quickSearch": 1,
			"filterable": 1
		},
		{
			"key": "🔞樂播采集",
			"name": "🔞樂播采集[密]",
			"type": 1,
			"api": "https://lbapi9.com/api.php/provide/vod/",
			"searchable": 1,
			"quickSearch": 1,
			"filterable": 1
		},
		{
			"key": "🔞蘿莉采集",
			"name": "🔞蘿莉采集[密]",
			"type": 1,
			"api": "https://192.151.223.213/api.php/provide/vod/",
			"searchable": 1,
			"quickSearch": 1,
			"filterable": 1
		},
		{
			"key": "🔞美少女资源",
			"name": "🔞美少女资源[密]",
			"type": 0,
			"api": "https://www.msnii.com/api/xml.php",
			"searchable": 1,
			"quickSearch": 1,
			"filterable": 1
		},
		{
			"key": "🔞奶香香",
			"name": "🔞奶香香[密]",
			"type": 1,
			"api": "https://naixxzy.com/api.php/provide/vod/",
			"searchable": 1,
			"quickSearch": 1,
			"filterable": 1
		},
		{
			"key": "🔞七天成人",
			"name": "🔞七天成人[密]",
			"type": 1,
			"api": "https://8day.icu/api.php/provide/vod/",
			"searchable": 1,
			"quickSearch": 1,
			"filterable": 1
		},
		{
			"key": "🔞色猫采集",
			"name": "🔞色猫采集[密]",
			"type": 0,
			"api": "https://dadiapi.com/api.php",
			"searchable": 1,
			"quickSearch": 1,
			"filterable": 1
		},
		{
			"key": "🔞色南國",
			"name": "🔞色南國[密]",
			"type": 1,
			"api": "https://api.sexnguon.com/api.php/provide/vod/",
			"searchable": 1,
			"quickSearch": 1,
			"filterable": 1
		},
		{
			"key": "🔞色色虎",
			"name": "🔞色色虎[密]",
			"type": 1,
			"api": "https://apisesehuzy.com/api.php/provide/vod/",
			"searchable": 1,
			"quickSearch": 1,
			"filterable": 1
		},
		{
			"key": "🔞森林采集",
			"name": "🔞森林采集[密]",
			"type": 1,
			"api": "https://slapibf.com/api.php/provide/vod/",
			"searchable": 1,
			"quickSearch": 1,
			"filterable": 1
		},
		{
			"key": "🔞濕樂園",
			"name": "🔞濕樂園[密]",
			"type": 1,
			"api": "https://xxavs.com/api.php/provide/vod/",
			"searchable": 1,
			"quickSearch": 1,
			"filterable": 1
		},
		{
			"key": "🔞絲襪采集",
			"name": "🔞絲襪采集[密]",
			"type": 1,
			"api": "https://www.siwazyw.tv/api.php/provide/vod/",
			"searchable": 1,
			"quickSearch": 1,
			"filterable": 1
		},
		{
			"key": "🔞探探采集",
			"name": "🔞探探采集[密]",
			"type": 1,
			"api": "https://apittzy.com/api.php/provide/vod/",
			"searchable": 1,
			"quickSearch": 1,
			"filterable": 1
		},
		{
			"key": "🔞香奶儿资源",
			"name": "🔞香奶儿资源[密]",
			"type": 0,
			"api": "https://www.gdlsp.com/api/xml.php",
			"searchable": 1,
			"quickSearch": 1,
			"filterable": 1
		},
		{
			"key": "🔞易看采集",
			"name": "🔞易看采集[密]",
			"type": 1,
			"api": "https://api.yikanapi.com/api.php/provide/vod/",
			"searchable": 1,
			"quickSearch": 1,
			"filterable": 1
		},
		{
			"key": "🔞淫水机资源",
			"name": "🔞淫水机资源[密]",
			"type": 0,
			"api": "https://www.xrbsp.com/api/xml.php",
			"searchable": 1,
			"quickSearch": 1,
			"filterable": 1
		},
		{
			"key": "🔞優異采集",
			"name": "🔞優異采集[密]",
			"type": 1,
			"api": "https://a.uezy.pw/api.php/provide/vod/",
			"searchable": 1,
			"quickSearch": 1,
			"filterable": 1
		},
		{
			"key": "🔞優優采集",
			"name": "🔞優優采集[密]",
			"type": 1,
			"api": "https://jk1.yycmszywapi.cc/api.php/provide/vod/",
			"searchable": 1,
			"quickSearch": 1,
			"filterable": 1
		},
		{
			"key": "🔞玉兔采集",
			"name": "🔞玉兔采集[密]",
			"type": 1,
			"api": "https://apiyutu.com/api.php/provide/vod/",
			"searchable": 1,
			"quickSearch": 1,
			"filterable": 1
		},
		{
			"key": "🔞越南采集",
			"name": "🔞越南采集[密]",
			"type": 1,
			"api": "https://vnzyz.com/api.php/provide/vod/",
			"searchable": 1,
			"quickSearch": 1,
			"filterable": 1
		},
		{
			"key": "🔞CK采集",
			"name": "🔞CK采集[密]",
			"type": 1,
			"api": "https://ckzy.me/api.php/provide/vod/",
			"searchable": 1,
			"quickSearch": 1,
			"filterable": 1
		},
		{
			"key": "🔞JKUN",
			"name": "🔞JKUN[密]",
			"type": 1,
			"api": "https://jkunzyapi.com/api.php/provide/vod/",
			"searchable": 1,
			"quickSearch": 1,
			"filterable": 1
		},
		{
			"key": "🔞KK倫理",
			"name": "🔞KK倫理[密]",
			"type": 1,
			"api": "https://kkzy.me/api.php/provide/vod/",
			"searchable": 1,
			"quickSearch": 1,
			"filterable": 1
		},
		{
			"key": "hipy_js_[密]RjAv",
			"name": "🚫[密]RjAv",
			"type": 3,
			"api": "./drpy_libs/drpy2.min.js",
			"searchable": 1,
			"quickSearch": 1,
			"filterable": 1,
			"order_num": 0,
			"ext": "./drpy_js/[密]RjAv.js"
		},
		{
			"key": "hipy_js_29片库[密]",
			"name": "🚫29片库[密]",
			"type": 3,
			"api": "./drpy_libs/drpy2.min.js",
			"searchable": 1,
			"quickSearch": 1,
			"filterable": 1,
			"order_num": 0,
			"ext": "./drpy_js/29片库[密].js"
		},
		{
			"key": "hipy_js_36直播[密]",
			"name": "🚫36直播[密]",
			"type": 3,
			"api": "./drpy_libs/drpy2.min.js",
			"searchable": 1,
			"quickSearch": 1,
			"filterable": 1,
			"order_num": 0,
			"ext": "./drpy_js/36直播[密].js"
		},
		{
			"key": "hipy_js_爱爱影院[密]",
			"name": "🚫爱爱影院[密]",
			"type": 3,
			"api": "./drpy_libs/drpy2.min.js",
			"searchable": 1,
			"quickSearch": 1,
			"filterable": 1,
			"order_num": 0,
			"ext": "./drpy_js/爱爱影院[密].js"
		},
		{
			"key": "hipy_js_采集之王[合]2",
			"name": "🚫采王成人[密]",
			"type": 3,
			"api": "./drpy_libs/drpy2.min.js",
			"searchable": 1,
			"quickSearch": 1,
			"filterable": 1,
			"order_num": 2,
			"ext": "./drpy_js/采集之王[合].js?type=url&params=../json/采集[密]静态.json"
		},
		{
			"key": "hipy_js_采集之王[合]1",
			"name": "🚫采王zy[密]",
			"type": 3,
			"api": "./drpy_libs/drpy2.min.js",
			"searchable": 1,
			"quickSearch": 1,
			"filterable": 1,
			"order_num": 1,
			"ext": "./drpy_js/采集之王[合].js?type=url&params=../json/采集[zy]静态.json$1"
		},
		{
			"key": "hipy_js_草莓秒播[密]",
			"name": "🚫草莓秒播[密]",
			"type": 3,
			"api": "./drpy_libs/drpy2.min.js",
			"searchable": 1,
			"quickSearch": 1,
			"filterable": 1,
			"order_num": 0,
			"ext": "./drpy_js/草莓秒播[密].js"
		},
		{
			"key": "hipy_js_地瓜视频[密]",
			"name": "🚫地瓜视频[密]",
			"type": 3,
			"api": "./drpy_libs/drpy2.min.js",
			"searchable": 1,
			"quickSearch": 1,
			"filterable": 1,
			"order_num": 0,
			"ext": "./drpy_js/地瓜视频[密].js"
		},
		{
			"key": "hipy_js_番号资源[密]",
			"name": "🚫番号资源[密]",
			"type": 3,
			"api": "./drpy_libs/drpy2.min.js",
			"searchable": 1,
			"quickSearch": 1,
			"filterable": 1,
			"order_num": 0,
			"ext": "./drpy_js/番号资源[密].js"
		},
		{
			"key": "hipy_js_飞狗影院[密]",
			"name": "🚫飞狗影院[密]",
			"type": 3,
			"api": "./drpy_libs/drpy2.min.js",
			"searchable": 1,
			"quickSearch": 1,
			"filterable": 1,
			"order_num": 0,
			"ext": "./drpy_js/飞狗影院[密].js"
		},
		{
			"key": "hipy_js_黑料不打烊[密]",
			"name": "🚫黑料不打烊[密]",
			"type": 3,
			"api": "./drpy_libs/drpy2.min.js",
			"searchable": 1,
			"quickSearch": 1,
			"filterable": 1,
			"order_num": 0,
			"ext": "./drpy_js/黑料不打烊[密].js"
		},
		{
			"key": "hipy_js_恒大影视[密]",
			"name": "🚫恒大影视[密]",
			"type": 3,
			"api": "./drpy_libs/drpy2.min.js",
			"searchable": 1,
			"quickSearch": 1,
			"filterable": 1,
			"order_num": 0,
			"ext": "./drpy_js/恒大影视[密].js"
		},
		{
			"key": "hipy_js_九妖仓库[密]",
			"name": "🚫九妖仓库[密]",
			"type": 3,
			"api": "./drpy_libs/drpy2.min.js",
			"searchable": 1,
			"quickSearch": 1,
			"filterable": 1,
			"order_num": 0,
			"ext": "./drpy_js/九妖仓库[密].js"
		},
		{
			"key": "hipy_js_老司视频[密]",
			"name": "🚫老司视频[密]",
			"type": 3,
			"api": "./drpy_libs/drpy2.min.js",
			"searchable": 1,
			"quickSearch": 1,
			"filterable": 1,
			"order_num": 0,
			"ext": "./drpy_js/老司视频[密].js"
		},
		{
			"key": "hipy_js_乐草TV[密]",
			"name": "🚫乐草TV[密]",
			"type": 3,
			"api": "./drpy_libs/drpy2.min.js",
			"searchable": 1,
			"quickSearch": 1,
			"filterable": 1,
			"order_num": 0,
			"ext": "./drpy_js/乐草TV[密].js"
		},
		{
			"key": "hipy_js_路视频[密]",
			"name": "🚫路视频[密]",
			"type": 3,
			"api": "./drpy_libs/drpy2.min.js",
			"searchable": 1,
			"quickSearch": 1,
			"filterable": 1,
			"order_num": 0,
			"ext": "./drpy_js/路视频[密].js"
		},
		{
			"key": "hipy_js_绿色仓库[密]",
			"name": "🚫绿色仓库[密]",
			"type": 3,
			"api": "./drpy_libs/drpy2.min.js",
			"searchable": 1,
			"quickSearch": 1,
			"filterable": 1,
			"order_num": 0,
			"ext": "./drpy_js/绿色仓库[密].js"
		},
		{
			"key": "hipy_js_千百视频[密]",
			"name": "🚫千百视频[密]",
			"type": 3,
			"api": "./drpy_libs/drpy2.min.js",
			"searchable": 1,
			"quickSearch": 1,
			"filterable": 1,
			"order_num": 0,
			"ext": "./drpy_js/千百视频[密].js"
		},
		{
			"key": "hipy_js_色库[密]",
			"name": "🚫色库[密]",
			"type": 3,
			"api": "./drpy_libs/drpy2.min.js",
			"searchable": 1,
			"quickSearch": 1,
			"filterable": 1,
			"order_num": 0,
			"ext": "./drpy_js/色库[密].js"
		},
		{
			"key": "hipy_js_小女18[密]",
			"name": "🚫小女18[密]",
			"type": 3,
			"api": "./drpy_libs/drpy2.min.js",
			"searchable": 1,
			"quickSearch": 1,
			"filterable": 1,
			"order_num": 0,
			"ext": "./drpy_js/小女18[密].js"
		},
		{
			"key": "hipy_js_一点视频[密]",
			"name": "🚫一点视频[密]",
			"type": 3,
			"api": "./drpy_libs/drpy2.min.js",
			"searchable": 1,
			"quickSearch": 1,
			"filterable": 1,
			"order_num": 0,
			"ext": "./drpy_js/一点视频[密].js"
		},
		{
			"key": "hipy_js_Pornhub[密]",
			"name": "🚫Pornhub[密]",
			"type": 3,
			"api": "./drpy_libs/drpy2.min.js",
			"searchable": 1,
			"quickSearch": 1,
			"filterable": 1,
			"order_num": 0,
			"ext": "./drpy_js/Pornhub[密].js"
		},
		{
			"key": "hipy_js_R18撸[密]",
			"name": "🚫R18撸[密]",
			"type": 3,
			"api": "./drpy_libs/drpy2.min.js",
			"searchable": 1,
			"quickSearch": 1,
			"filterable": 1,
			"order_num": 0,
			"ext": "./drpy_js/R18撸[密].js"
		},
		{
			"key": "hipy_js_RJAV[密]",
			"name": "🚫RJAV[密]",
			"type": 3,
			"api": "./drpy_libs/drpy2.min.js",
			"searchable": 1,
			"quickSearch": 1,
			"filterable": 1,
			"order_num": 0,
			"ext": "./drpy_js/RJAV[密].js"
		},
		{
			"key": "hipy_js_UAA[密]",
			"name": "🚫UAA[密]",
			"type": 3,
			"api": "./drpy_libs/drpy2.min.js",
			"searchable": 1,
			"quickSearch": 1,
			"filterable": 1,
			"order_num": 0,
			"ext": "./drpy_js/UAA[密].js"
		}
	],

	"parses": [{
			"name": "虾米",
			"url": "https://jx.xmflv.com/?url=",
			"type": 0,
			"ext": {
				"flag": ["qiyi", "imgo", "爱奇艺", "奇艺", "qq", "qq 预告及花絮", "腾讯", "youku", "优酷", "pptv", "PPTV",
					"letv", "乐视", "leshi", "mgtv", "芒果", "sohu", "xigua", "fun", "风行"
				]
			},
			"header": {
				"User-Agent": "Mozilla/5.0"
			}
		},
		{
			"name": "虾米2",
			"url": "https://jx.xmflv.cc/?url=",
			"type": 0,
			"ext": {
				"flag": ["qiyi", "imgo", "爱奇艺", "奇艺", "qq", "qq 预告及花絮", "腾讯", "youku", "优酷", "pptv", "PPTV", "letv", "乐视", "leshi", "mgtv", "芒果", "sohu", "xigua", "fun", "风行"]
			},
			"header": {
				"User-Agent": "Mozilla/5.0"
			}
		},
		{
			"name": "zhuimi-super",
			"url": "http://moyu.zhuimi.top/zhuimi666.php?url=",
			"type": 1,
			"ext": {
				"flag": ["qiyi", "imgo", "爱奇艺", "奇艺", "qq", "qq 预告及花絮", "腾讯", "youku", "优酷", "pptv", "PPTV", "letv", "乐视", "leshi", "mgtv", "芒果", "sohu", "xigua", "fun", "风行"]
			},
			"header": {
				"User-Agent": "Mozilla/5.0"
			}
		},
		{
			"name": "zhuimi-1080",
			"url": "https://jxjson.icu/neibu.php?url=",
			"type": 1,
			"ext": {
				"flag": ["qiyi", "imgo", "爱奇艺", "奇艺", "qq", "qq 预告及花絮", "腾讯", "youku", "优酷", "pptv", "PPTV", "letv", "乐视", "leshi", "mgtv", "芒果", "sohu", "xigua", "fun", "风行"]
			},
			"header": {
				"User-Agent": "Mozilla/5.0"
			}
		},
		{
			"name": "-777-",
			"url": "https://jx.777jiexi.com/player/?url=",
			"type": 0,
			"ext": {
				"flag": ["qiyi", "imgo", "爱奇艺", "奇艺", "qq", "qq 预告及花絮", "腾讯", "youku", "优酷", "pptv", "PPTV", "letv", "乐视", "leshi", "mgtv", "芒果", "sohu", "xigua", "fun", "风行"]
			},
			"header": {
				"User-Agent": "Mozilla/5.0"
			}
		},
		{
			"name": "-全看-",
			"url": "https://jx.quankan.app/?url=",
			"type": 0,
			"ext": {
				"flag": ["qiyi", "imgo", "爱奇艺", "奇艺", "qq", "qq 预告及花絮", "腾讯", "youku", "优酷", "pptv", "PPTV", "letv", "乐视", "leshi", "mgtv", "芒果", "sohu", "xigua", "fun", "风行"]
			},
			"header": {
				"User-Agent": "Mozilla/5.0"
			}
		},
		{
			"name": "-云解析-",
			"url": "https://jx.yparse.com/index.php?url=",
			"type": 0,
			"ext": {
				"flag": ["qiyi", "imgo", "爱奇艺", "奇艺", "qq", "qq 预告及花絮", "腾讯", "youku", "优酷", "pptv", "PPTV", "letv", "乐视", "leshi", "mgtv", "芒果", "sohu", "xigua", "fun", "风行"]
			},
			"header": {
				"User-Agent": "Mozilla/5.0"
			}
		},
		{
			"name": "-猪蹄-",
			"url": "http://www.jzmhtt.com/zdy/vip/?url=",
			"type": 0,
			"ext": {
				"flag": ["qiyi", "imgo", "爱奇艺", "奇艺", "qq", "qq 预告及花絮", "腾讯", "youku", "优酷", "pptv", "PPTV", "letv", "乐视", "leshi", "mgtv", "芒果", "sohu", "xigua", "fun", "风行"]
			},
			"header": {
				"User-Agent": "Mozilla/5.0"
			}
		},
		{
			"name": "-BL-",
			"url": "https://vip.bljiex.com/?v=",
			"type": 0,
			"ext": {
				"flag": ["qiyi", "imgo", "爱奇艺", "奇艺", "qq", "qq 预告及花絮", "腾讯", "youku", "优酷", "pptv", "PPTV", "letv", "乐视", "leshi", "mgtv", "芒果", "sohu", "xigua", "fun", "风行"]
			},
			"header": {
				"User-Agent": "Mozilla/5.0"
			}
		},
		{
			"name": "o112",
			"url": "https://www.o112.com/jx/?url=",
			"type": 0,
			"ext": {
				"flag": ["qiyi", "imgo", "爱奇艺", "奇艺", "qq", "qq 预告及花絮", "腾讯", "youku", "优酷", "pptv", "PPTV", "letv", "乐视", "leshi", "mgtv", "芒果", "sohu", "xigua", "fun", "风行"]
			},
			"header": {
				"User-Agent": "Mozilla/5.0"
			}
		}
	],

	"flags": ["imgo", "youku", "qq", "qq 预告及花絮", "iqiyi", "qiyi", "fun", "letv", "leshi", "sohu", "tudou", "xigua", "cntv", "1905", "pptv", "mgtv", "wasu", "bilibili", "renrenmi"],

	"lives": [{
			"name": "本地直播",
			"type": "0",
			"pass": true,
			"url": "./lives/itvlist.txt",
			"epg": "https://epg.112114.xyz/?ch={name}&date={date}",
			"logo": "https://epg.112114.xyz/logo/{name}.png"
		},
		{
			"name": "天微直播",
			"type": "0",
			"pass": true,
			"url": "https://tvkj.top/tvlive.txt",
			"epg": "https://epg.112114.xyz/?ch={name}&date={date}",
			"logo": "https://epg.112114.xyz/logo/{name}.png"
		},
		{
			"name": "天微直播(新)",
			"type": "0",
			"pass": true,
			"url": "https://gitlab.com/tvtg/vip/-/raw/main/log.txt",
			"epg": "https://epg.112114.xyz/?ch={name}&date={date}",
			"logo": "https://epg.112114.xyz/logo/{name}.png"
		},
		{
			"name": "央卫地",
			"type": "0",
			"pass": true,
			"url": "https://mirror.ghproxy.com/https://raw.githubusercontent.com/joevess/IPTV/main/sources/iptv_sources.m3u8",
			"epg": "https://epg.112114.xyz/?ch={name}&date={date}",
			"logo": "https://epg.112114.xyz/logo/{name}.png"
		},
		{
			"name": "稳定直播",
			"type": "0",
			"pass": true,
			"url": "https://mirror.ghproxy.com/https://raw.githubusercontent.com/ssili126/tv/main/itvlist.txt",
			"epg": "https://epg.112114.xyz/?ch={name}&date={date}",
			"logo": "https://epg.112114.xyz/logo/{name}.png"
		},
		{
			"name": "❓·神秘订阅",
			"type": "0",
			"pass": true,
			"url": "https://tv.iill.top/m3u/Adult",
			"epg": "https://epg.112114.xyz/?ch={name}&date={date}",
			"logo": "https://epg.112114.xyz/logo/{name}.png"
		}
	]
}