{
	"urls": [{
			"url": "https://github.catvod.com/https://raw.githubusercontent.com/quickhigh0411/qhbox/main/tvbox/api.json",
			"name": "github【潇洒线路】"
		},
		{
			"url": "https://github.catvod.com/https://raw.githubusercontent.com/quickhigh0411/qhbox/main/%E6%91%B8%E9%B1%BC%E5%84%BF/api.json",
			"name": "github【摸鱼线路】"
		},				
		{
			"url": "https://github.catvod.com/https://raw.githubusercontent.com/quickhigh0411/qhbox/main/%E5%A4%A9%E5%BE%AE/api.json",
			"name": "github【天微VIP线】"
		},
		{
			"url": "https://github.catvod.com/https://raw.githubusercontent.com/quickhigh0411/qhbox/main/%E9%A5%AD%E5%A4%AA%E7%A1%AC/api.json",
			"name": "github【饭太硬线】"
		},
		{
			"url": "https://github.catvod.com/https://raw.githubusercontent.com/quickhigh0411/qhbox/main/%E8%82%A5%E7%8C%AB/api.json",
			"name": "github【肥猫线路】"
		},
		{
			"url": "https://github.catvod.com/https://raw.githubusercontent.com/quickhigh0411/qhbox/main/OK/api.json",
			"name": "github【OK线路】"
		},
		{
			"url": "https://github.catvod.com/https://raw.githubusercontent.com/quickhigh0411/qhbox/main/%E9%A6%99%E9%9B%85%E6%83%85/api.json",
			"name": "github【香雅情线】"
		},
		{
			"url": "https://github.catvod.com/https://raw.githubusercontent.com/quickhigh0411/qhbox/main/%E9%81%93%E9%95%BF/index.json",
			"name": "github【道长本地】"
		},
		{
			"url": "https://cnb.cool/zhyadc/YsBox/-/git/raw/main/index.json",
			"name": "在线【道长DS】"
		},
		{
			"url": "http://我不是.摸鱼儿.com",
			"name": "在线【摸鱼儿线】"
		},
		{
			"url": "http://www.饭太硬.net/tv/",
			"name": "在线【饭太硬线】"
		},
		{
			"url": "http://肥猫.com/",
			"name": "在线【肥猫线路】"
		},		
		{
			"url": "https://7337.kstore.space/twvip/自用测试.json",
			"name": "在线【天微单线】"
		},
		{
			"url": "https://11256.kstore.space/免费勿传.json",
			"name": "在线【七星单线】"
		},
		{
			"url": "http://tvbox.王二小放牛娃.top",
			"name": "在线【王二小线路】"
		},
		{
			"url": "http://cdn.qiaoji8.com/tvbox.json",
			"name": "在线【巧技线路】"
		},
		{
			"url": "http://ok321.top/tv",
			"name": "在线【OK线路】"
		},				
		{
			"url": "http://www.meowtv.top",
			"name": "在线【喵影视线】"
		}
	]
}