{
    "urls": [				
		{
            "url": "clan://localhost/tvboxKX/潇洒/api.json",
            "name": "本地【潇洒线路】"
        },
		{
            "url": "clan://localhost/tvboxKX/摸鱼儿/api.json",
            "name": "本地【摸鱼线路】"
        },		
        {
            "url": "clan://localhost/tvboxKX/天微/api.json",
            "name": "本地【天微VIP线】"
        },
		{
            "url": "clan://localhost/tvboxKX/饭太硬/api.json",
            "name": "本地【饭太硬线】"
        },
        {
            "url": "clan://localhost/tvboxKX/肥猫/api.json",
            "name": "本地【肥猫线路】"
        },
        {
            "url": "clan://localhost/tvboxKX/道长/index.json",
            "name": "本地【道长本地】"
        },   
        {
            "url": "clan://localhost/tvboxKX/OK/api.json",
            "name": "本地【OK线路】"
        },		      
		{
            "url": "clan://localhost/tvboxKX/香雅情/api.json",
            "name": "本地【香雅情线】"
        },
		{
			"url": "http://我不是.摸鱼儿.com",
			"name": "在线【摸鱼儿线】"
		},
		{
			"url": "https://cnb.cool/zhyadc/YsBox/-/git/raw/main/index.json",
			"name": "在线【道长DS】"
		},		
		{
			"url": "http://tvbox.王二小放牛娃.top",
			"name": "在线【王二小线路】"
		},
		{
			"url": "https://7337.kstore.space/twvip/自用测试.json",
			"name": "在线【天微单线】"
		},
		{
			"url": "https://11256.kstore.space/免费勿传.json",
			"name": "在线【七星单线】"
		},
		{
            "url": "http://肥猫.com/",
            "name": "在线【肥猫线路】"
        },
		{
            "url": "http://www.饭太硬.net/tv/",
            "name": "在线【饭太硬线】"
        },
		{
            "url": "http://ok321.top/tv",
            "name": "在线【OK线路】"
        },
		{
            "url": "http://cdn.qiaoji8.com/tvbox.json",
            "name": "在线【巧技线路】"
        },
		{
            "url": "http://www.meowtv.top",
            "name": "在线【喵影视线】"
        }
    ]
}