{
	"urls": [{
			"url": "https://github.ednovas.xyz/raw.githubusercontent.com/quickhigh0411/box/main/潇洒/api.json",
			"name": "github【潇洒线路】"
		},
		{
			"url": "https://github.ednovas.xyz/raw.githubusercontent.com/quickhigh0411/box/main/摸鱼儿/api.json",
			"name": "github【摸鱼线路】"
		},				
		{
			"url": "https://github.ednovas.xyz/raw.githubusercontent.com/quickhigh0411/box/main/天微/api.json",
			"name": "github【天微VIP线】"
		},
		{
			"url": "https://github.ednovas.xyz/raw.githubusercontent.com/quickhigh0411/box/main/饭太硬/api.json",
			"name": "github【饭太硬线】"
		},
		{
			"url": "https://github.ednovas.xyz/raw.githubusercontent.com/quickhigh0411/box/main/肥猫/api.json",
			"name": "github【肥猫线路】"
		},
		{
			"url": "https://github.ednovas.xyz/raw.githubusercontent.com/quickhigh0411/box/main/OK/api.json",
			"name": "github【OK线路】"
		},
		{
			"url": "https://github.ednovas.xyz/raw.githubusercontent.com/quickhigh0411/box/main/香雅情/api.json",
			"name": "github【香雅情线】"
		},
		{
			"url": "https://github.ednovas.xyz/raw.githubusercontent.com/quickhigh0411/box/main/道长/index.json",
			"name": "github【道长本地】"
		},
		{
			"url": "http://我不是.摸鱼儿.com",
			"name": "在线【摸鱼儿线】"
		},
		{
			"url": "http://ok321.top/tv",
			"name": "在线【OK线路】"
		},
		{
			"url": "http://tvbox.王二小放牛娃.top",
			"name": "在线【王二小线路】"
		},
		{
			"url": "http://肥猫.com/",
			"name": "在线【肥猫线路】"
		},
		{
			"url": "http://www.饭太硬.net/tv/",
			"name": "在线【饭太硬线】"
		},
		{
			"url": "https://7337.kstore.space/twvip/自用测试.json",
			"name": "在线【天微单线】"
		},
		{
			"url": "https://11256.kstore.space/免费勿传.json",
			"name": "在线【七星单线】"
		},
		{
			"url": "http://cdn.qiaoji8.com/tvbox.json",
			"name": "在线【巧技线路】"
		},
		{
			"url": "http://www.meowtv.top",
			"name": "在线【喵影视线】"
		}
	]
}