{
  "spider": "./PandaQ250227c.jar;md5;ceda5421cdce5fad2a2f6d8c71ae4311",
  "wallpaper": "http://ceshi.xn--z7x900a.com/ppic/feimao.php",
  "logo": "http://ceshi.xn--z7x900a.com/panda/0262.png",
  "sites": [
    {
      "key": "drpy_js_豆瓣",
      "name": "🐼┃备用公众号┃我不是肥猫",
      "type": 3,
      "api": "csp_Douban",
      "searchable": 0
    },
    {
      "key": "豆瓣",
      "name": "🐼┃豆瓣┃预告",
      "type": 3,
      "api": "csp_YGP",
      "playerType": 2,
      "searchable": 0
    },
    {
      "key": "config",
      "name": "🐼┃配置┃中心",
      "type": 3,
      "api": "csp_Config",
      "playerType": 2
    },
    {
      "key": "csp_FeiMaoUC",
      "name": "⚡┃闪电┃优汐",
      "type": 3,
      "api": "csp_Duopan",
      "filterable": 1,
      "ext": {
        "site_urls": [
          "http://1.95.79.193/"
        ],
        "url_key": "FeiMaoUC"
      }
    },
    {
      "key": "csp_Duopan",
      "name": "🖍︎┃蜡笔┃影视",
      "type": 3,
      "api": "csp_Duopan",
      "filterable": 1,
      "ext": {
        "site_urls": [
          "https://feimao666.fun",
          "http://feimao888.fun",
          "http://feimaoai.site",
          "http://www.labi88.sbs"
        ],
        "url_key": "Duopan2"
      }
    },
    {
      "key": "潮流",
      "name": "🏜┃潮流┃影视",
      "type": 3,
      "api": "csp_AppRJ",
      "ext": "sHR2rlsfjI4L3t4RXQMkn9mmg6Ofmy66+wcs9waIyn4hKqT9jG9s4kO6qzcu2OSqWS1/T+wfkqe+UwoipekwvcM11PTDrQqKYI8lmMXUc1vBHxp/2uWIw5HUoscBNWEb"
    },
    {
      "key": "梦回",
      "name": "🏈┃梦回┃影视",
      "type": 3,
      "api": "csp_AppRJ",
      "ext": "sHR2rlsfjI4L3t4RXQMkn9NPgTvCXvJVoUvXJHT6PqBNTg88Q5I4mc95m2RizprWhdAIQNMU/HShly4WRNzUsfhvqzHXHhHD57G7QagNV0Cx+WDSBgm0uZMAbZVHmzjM"
    },
    {
      "key": "星辉",
      "name": "🦢┃星辉┃影视",
      "type": 3,
      "api": "csp_AppRJ",
      "ext": "sHR2rlsfjI4L3t4RXQMknxhunFUlA4159TKiKvIPpfcM1xianxebcSLajBbwFymqC+z9WoGzQYbh7FSvh8KdiC0BKF0CalaPaCEMOZm+ClGEeNzXAaR0FnrV04SiB2NK"
    },
    {
      "key": "csp_Lgyy",
      "name": "✨️️┃流光┃影视",
      "type": 3,
      "api": "csp_Lgyy"
    },
    {
      "key": "csp_Jpys",
      "name": "🥇️┃金牌┃影视",
      "type": 3,
      "api": "csp_Jpys"
    },
    {
      "key": "csp_Wwys",
      "name": "🌾️┃农民┃影视",
      "type": 3,
      "api": "csp_Wwys",
      "ext": "https://www.wwgz.cn"
    },
    {
      "key": "csp_Siren",
      "name": "🎉️┃私人┃影城",
      "type": 3,
      "api": "csp_Siren"
    },
    {
      "key": "csp_XMUC",
      "name": "🍚┃小米┃UC",
      "type": 3,
      "api": "csp_Duopan",
      "filterable": 1,
      "ext": {
        "site_urls": [
          "http://www.mucpan.cc",
          "https://milvdou.fun",
          "https://54271.fun"
        ],
        "url_key": "XMUC"
      }
    },
    {
      "key": "csp_Netfixtv",
      "name": "💌┃️至臻┃影视",
      "type": 3,
      "api": "csp_Duopan",
      "filterable": 1,
      "ext": {
        "site_urls": [
          "http://xiaomi666.fun",
          "https://xiaomiai.site",
          "http://www.miqk.cc",
          "https://mihdr.top"
        ],
        "url_key": "Netfixtv2",
        "token": "",
        "ucCookie": "",
        "quarkCookie": "",
        "threadinfo": {
          "chunksize": 450,
          "threads": 10
        }
      }
    },
    {
      "key": "csp_Panda_玩偶哥哥",
      "name": "👲┃玩偶┃影视",
      "api": "csp_Wogg",
      "type": 3,
      "searchable": 1,
      "playerType": 2,
      "timeout": 30,
      "changeable": 0,
      "ext": "https://www.wogg.one/"
    },
    {
      "key": "csp_Lkdy",
      "name": "🏔️┃来看┃影视",
      "type": 3,
      "api": "csp_Lkdy"
    },
    {
      "key": "csp_Tvyb",
      "name": "☁️️┃云播┃影视",
      "type": 3,
      "api": "csp_Tvyb"
    },
    {
      "key": "csp_Kanke",
      "name": "🛳️┃看客┃影视",
      "type": 3,
      "api": "csp_Kanke",
      "ext": "http://www.guaziys.com"
    },
    {
      "key": "csp_Qiyou",
      "name": "🥝┃奇优┃影视",
      "type": 3,
      "api": "csp_Qiyou",
      "ext": "http://www.dyxz2.com/"
    },
    {
      "key": "荐片",
      "name": "🎬┃荐片┃影视",
      "api": "csp_Jianpian",
      "type": 3,
      "playerType": "2",
      "ext": "http://api2.rinhome.com"
    },
    {
      "key": "csp_Fantuan",
      "name": "🍙┃饭团┃影视",
      "type": 3,
      "api": "csp_Fantuan",
      "click": "document.querySelector(\"#playleft iframe\").contentWindow.document.querySelector(\"#start\").click();",
      "ext": "https://www.fantuan.vip"
    },
    {
      "key": "csp_Quanwk",
      "name": "👀┃全看┃影视",
      "type": 3,
      "api": "csp_Quanwk",
      "ext": "https://www.91qkw.com"
    },
    {
      "key": "csp_J",
      "name": "🌎┃饺子┃外剧",
      "type": 3,
      "api": "csp_Jiaozi",
      "playerType": 2
    },
    {
      "key": "csp_SaoHuo",
      "name": "🔥┃火火┃影视",
      "type": 3,
      "api": "csp_SaoHuo",
      "playerType": 2,
      "ext": "https://shdy5.us"
    },
    {
      "key": "csp_Gz360",
      "name": "🍉┃瓜子┃影视",
      "type": 3,
      "api": "csp_Gz360",
      "playerType": 2
    },
    {
      "key": "csp_LiteApple",
      "name": "🍎┃苹果┃影视",
      "type": 3,
      "api": "csp_LiteApple",
      "searchable": 1,
      "quickSearch": 1,
      "filterable": 1
    },
    {
      "key": "厂长",
      "name": "🏭┃厂长┃影视",
      "type": 3,
      "playerType": "2",
      "api": "csp_Czsapp",
      "searchable": 1,
      "quickSearch": 1,
      "filterable": 1,
      "ext": "http://www.czzyvideo.com"
    },
    {
      "key": "csp_AppXY",
      "name": "🎀️┃星牙┃短剧",
      "type": 3,
      "api": "csp_AppXY"
    },
    {
      "key": "csp_SP360",
      "name": "📺┃360┃官源",
      "type": 3,
      "api": "csp_SP360"
    },	
    {
      "key": "csp_BookTing",
      "name": "📚┃听书┃音频",
      "type": 3,
      "playerType": "2",
      "api": "csp_BookTing",
      "searchable": 0,
      "ext": "https://m.ting275.com",
      "style": {
        "type": "rect",
        "ratio": 1.333
      }
    },
    {
      "key": "csp_YouShengBook",
      "name": "📚┃有声┃小说",
      "type": 3,
      "playerType": "2",
      "api": "csp_LaoBaiBook",
      "searchable": 0,
      "style": {
        "type": "rect",
        "ratio": 1.333
      }
    },
    {
      "key": "csp_Dm84",
      "name": "🤣┃动漫┃巴士",
      "type": 3,
      "playerType": "2",
      "api": "csp_Dm84"
    },
    {
      "key": "csp_FirstAid",
      "name": "🚑┃急救┃教学",
      "type": 3,
      "api": "csp_FirstAid",
      "searchable": 0,
      "quickSearch": 0,
      "style": {
        "type": "rect",
        "ratio": 3.8
      },
      "gridview": "0-0-4.1"
    },
    {
      "key": "酷狗",
      "name": "🐾┃酷狗┃音乐",
      "type": 3,
      "api": "csp_Kugou",
      "playerType": 2,
      "ext": {
        "classes": [
          {
            "type_name": "酷狗",
            "type_id": "kugou"
          }
        ]
      }
    },
    {
      "key": "酷奇",
      "name": "🎤┃酷奇┃MV",
      "type": 3,
      "api": "./lib/drpy2.min.js",
      "searchable": 0,
      "quickSearch": 0,
      "ext": "./lib/酷奇MV.js"
    },
	
    {
      "key": "虎牙直播js",
      "name": "🐯┃虎牙┃直播",
      "type": 3,
      "api": "./lib/drpy2.min.js",
      "searchable": 0,
      "quickSearch": 0,
      "playerType": 1,
      "ext": "./lib/huya2.js"
    },
    {
      "key": "斗鱼js",
      "name": "🐟┃斗鱼┃直播",
      "type": 3,
      "api": "./lib/drpy2.min.js",
      "searchable": 0,
      "quickSearch": 0,
      "playerType": 1,
      "ext": "./lib/斗鱼直播.js"
    },
    {
      "key": "聚短视频js",
      "name": "📽┃️聚短┃视频",
      "type": 3,
      "api": "./lib/drpy2.min.js",
      "searchable": 0,
      "quickSearch": 0,
      "ext": "./lib/短视频.js"
    },
    {
      "key": "看球",
      "name": "⚾┃看球┃直播",
      "type": 3,
      "api": "csp_Kanqiu",
      "searchable": 1,
      "quickSearch": 1,
      "changeable": 0,
      "gridview": 3,
      "style": {
        "type": "list"
      }
    },
    {
      "key": "drpy_js_310直播",
      "name": "🏀┃体育┃直播",
      "type": 3,
      "api": "./lib/drpy2.min.js",
      "changeable": 0,
      "gridview": 3,
      "style": {
        "type": "list"
      },
      "ext": "https://img2.gelonghui.com/library/d6014-7a5d5b19-3fe5-456a-8335-925bc845606fnull"
    },
    {
      "key": "米搜",
      "name": "🌖┃米搜┃网盘",
      "type": 3,
      "api": "csp_MiSou",
      "ext": "http://127.0.0.1:9978/file/fatcat/kk.txt"
    },
    {
      "key": "csp_PanSearch",
      "name": "🚃┃盘搜┃网盘",
      "type": 3,
      "api": "csp_PanSearch",
      "ext": "http://127.0.0.1:9978/file/fatcat/token.txt"
    },
    {
      "key": "儿童",
      "name": "📚┃儿童┃启蒙",
      "type": 3,
      "api": "./lib/drpy2.min.js",
      "searchable": 0,
      "quickSearch": 0,
      "changeable": 0,
      "style": {
        "type": "rect",
        "ratio": 1.597
      },
      "ext": "./lib/兔小贝.js"
    },
	{
		"key": "Bili",
		"name": "🅱哔哔合集┃弹幕",
		"type": 3,
		"api": "csp_Bili",
		"style": {
			"type": "rect",
			"ratio": 1.597
		},
		"searchable": 1,
		"quickSearch": 0,
		"changeable": 0,
		"ext": {
			"cookie": "http://127.0.0.1:9978/file/TVBox/bilibili.txt",
			"json": "./lib/bilibili.json"
		}
	},
    {
		"key": "Biliych",
		"name": "🅱哔哔演唱会┃弹幕",
		"type": 3,
		"api": "csp_Bili",
		"style": {
			"type": "rect",
			"ratio": 1.597
		},
		"searchable": 1,
		"quickSearch": 0,
		"changeable": 0,
		"ext": {
			"cookie": "http://127.0.0.1:9978/file/TVBox/bilibili.txt",
			"json": "./lib/biliych.json"
		}
	},
	{
		"key": "少儿教育",
		"name": "📚少儿┃教育",
		"type": 3,
		"api": "csp_Bili",
		"style": {
			"type": "rect",
			"ratio": 1.597
		},
		"searchable": 0,
		"quickSearch": 0,
		"changeable": 0,
		"ext": {
			"cookie": "http://127.0.0.1:9978/file/TVBox/bilibili.txt",
			"json": "./lib/sejy.json"
		}
	},
	{
		"key": "小学课堂",
		"name": "📚小学┃课堂",
		"type": 3,
		"api": "csp_Bili",
		"style": {
			"type": "rect",
			"ratio": 1.597
		},
		"searchable": 0,
		"quickSearch": 0,
		"changeable": 0,
		"ext": {
			"cookie": "http://127.0.0.1:9978/file/TVBox/bilibili.txt",
			"json": "./lib/xxkt.json"
		}
	},
	{
		"key": "初中课堂",
		"name": "📚初中┃课堂",
		"type": 3,
		"api": "csp_Bili",
		"style": {
			"type": "rect",
			"ratio": 1.597
		},
		"searchable": 0,
		"quickSearch": 0,
		"changeable": 0,
		"ext": {
			"cookie": "http://127.0.0.1:9978/file/TVBox/bilibili.txt",
			"json": "./lib/cckt.json"
		}
	},
	{
		"key": "高中教育",
		"name": "📚高中┃课堂",
		"type": 3,
		"api": "csp_Bili",
		"style": {
			"type": "rect",
			"ratio": 1.597
		},
		"searchable": 0,
		"quickSearch": 0,
		"changeable": 0,
		"ext": {
			"cookie": "http://127.0.0.1:9978/file/TVBox/bilibili.txt",
			"json": "./lib/gzkt.json"
		}
	}
  ],
  "parses": [
    {
      "name": "Json聚合",
      "type": 3,
      "url": "Demo"
    },
    {
      "name": "Web聚合",
      "type": 3,
      "url": "Web"
    },
    {
      "name": "qiyi[官源]",
      "type": 1,
      "url": "http://39.104.230.177:1122/lxjx/myyk.php?url="
    },
    {
      "name": "肥猫最可爱",
      "type": 1,
      "url": "http://xn--ihqu10cn4c.xn--z7x900a.live/jx.php?id=2&url=",
      "ext": {
        "flag": [
          "qq",
          "腾讯",
          "qiyi",
          "爱奇艺",
          "奇艺",
          "youku",
          "优酷",
          "tucheng",
          "sohu",
          "搜狐",
          "letv",
          "乐视",
          "mgtv",
          "芒果",
          "tnmb",
          "seven",
          "yzm",
          "aliyun",
          "RJuMao",
          "bilibili",
          "1905",
          "xinvip",
          "XAL",
          "qiqi",
          "XALS",
          "YuMi-vip"
        ]
      }
    }
  ],
  "lives": [
    {
      "name": "live",
      "type": 0,
      "playerType": 1,
      "url": "./lib/25.txt",
      "epg": "http://epg.112114.xyz/?ch={name}&date={date}",
      "logo": "https://epg.112114.xyz/logo/{name}.png"
    }
  ]
}